caller,caller_name,callee,callee_name
00010034,FUN_00010034,0005dfdc,FUN_0005dfdc
00010034,FUN_00010034,0005d87e,FUN_0005d87e
00010034,FUN_00010034,0005db9e,FUN_0005db9e
000100c4,FUN_000100c4,0005dfeb,FUN_0005dfeb
000100dc,FUN_000100dc,000102b8,FUN_000102b8
0001013c,FUN_0001013c,0005dd2c,FUN_0005dd2c
0001013c,FUN_0001013c,0001c884,FUN_0001c884
0001013c,FUN_0001013c,0005dbcb,FUN_0005dbcb
0001013c,FUN_0001013c,0005dc4d,FUN_0005dc4d
0001013c,FUN_0001013c,0005dcc5,FUN_0005dcc5
0001013c,FUN_0001013c,0001c8cc,FUN_0001c8cc
0001013c,FUN_0001013c,0005ddad,FUN_0005ddad
0001013c,FUN_0001013c,0005dc0f,FUN_0005dc0f
0001013c,FUN_0001013c,0005dca6,FUN_0005dca6
000102b8,FUN_000102b8,0005dd5d,FUN_0005dd5d
000102b8,FUN_000102b8,00060898,FUN_00060898
000102b8,FUN_000102b8,0005dd86,FUN_0005dd86
00010510,FUN_00010510,0005dc8b,FUN_0005dc8b
00010570,FUN_00010570,0005dbf4,FUN_0005dbf4
00010570,FUN_00010570,0001c8cc,FUN_0001c8cc
00010570,FUN_00010570,0005dc8b,FUN_0005dc8b
00010610,FUN_00010610,0005da12,FUN_0005da12
00010610,FUN_00010610,0005da87,FUN_0005da87
00010610,FUN_00010610,0005dfdc,FUN_0005dfdc
00010610,FUN_00010610,0005daa6,FUN_0005daa6
00010684,FUN_00010684,0005dadc,FUN_0005dadc
00010684,FUN_00010684,0005dfeb,FUN_0005dfeb
000106e1,FUN_000106e1,00061423,FUN_00061423
000106e1,FUN_000106e1,000109a0,FUN_000109a0
0001071d,FUN_0001071d,000109ca,FUN_000109ca
0001071d,FUN_0001071d,00061506,FUN_00061506
0001074b,FUN_0001074b,00061564,FUN_00061564
0001074b,FUN_0001074b,00010830,FUN_00010830
000107ef,FUN_000107ef,00061564,FUN_00061564
00010830,FUN_00010830,00061564,FUN_00061564
000108e8,FUN_000108e8,00061564,FUN_00061564
000109a0,FUN_000109a0,00010830,FUN_00010830
000109ca,FUN_000109ca,000108e8,FUN_000108e8
000109f4,FUN_000109f4,0006180a,thunk_FUN_0006b6a3
000109f4,FUN_000109f4,000617cd,FUN_000617cd
000109f4,FUN_000109f4,0006157f,FUN_0006157f
00010a68,FUN_00010a68,0006180a,thunk_FUN_0006b6a3
00010a68,FUN_00010a68,00061423,FUN_00061423
00010a68,FUN_00010a68,000109f4,FUN_000109f4
00010a68,FUN_00010a68,0006180f,FUN_0006180f
00010a68,FUN_00010a68,00061506,FUN_00061506
00010a68,FUN_00010a68,0006157f,FUN_0006157f
00010b70,FUN_00010b70,00061923,FUN_00061923
00010b70,FUN_00010b70,00061564,FUN_00061564
00010c30,FUN_00010c30,00010b70,FUN_00010b70
00010c30,FUN_00010c30,00061984,FUN_00061984
00010c30,FUN_00010c30,00061a22,FUN_00061a22
00010c30,FUN_00010c30,0001d290,FUN_0001d290
00010c30,FUN_00010c30,00061970,FUN_00061970
00010c30,FUN_00010c30,00061998,FUN_00061998
00010d0c,FUN_00010d0c,00061984,FUN_00061984
00010d0c,FUN_00010d0c,00061a22,FUN_00061a22
00010d34,FUN_00010d34,00061984,FUN_00061984
00010d34,FUN_00010d34,00061a22,FUN_00061a22
00010db0,FUN_00010db0,00029d60,FUN_00029d60
00010db0,FUN_00010db0,0002c3fc,FUN_0002c3fc
00010e18,FUN_00010e18,00029d60,FUN_00029d60
00010e18,FUN_00010e18,0002c3fc,FUN_0002c3fc
00010e80,FUN_00010e80,0004f1e4,FUN_0004f1e4
00010e80,FUN_00010e80,0002baf4,FUN_0002baf4
00010e80,FUN_00010e80,0002c304,FUN_0002c304
00010e80,FUN_00010e80,00032970,FUN_00032970
00010ee4,FUN_00010ee4,0004f1e4,FUN_0004f1e4
00010ee4,FUN_00010ee4,0002baf4,FUN_0002baf4
00010ee4,FUN_00010ee4,00032970,FUN_00032970
00010f28,FUN_00010f28,0005d7dc,FUN_0005d7dc
00010f28,FUN_00010f28,0002c3fc,FUN_0002c3fc
00011000,FUN_00011000,00013c70,FUN_00013c70
00011000,FUN_00011000,0001c500,FUN_0001c500
00011000,FUN_00011000,00038b18,FUN_00038b18
00011000,FUN_00011000,0004f1d0,FUN_0004f1d0
00011000,FUN_00011000,0001c740,FUN_0001c740
00011000,FUN_00011000,00033754,FUN_00033754
00011000,FUN_00011000,0004f1e4,FUN_0004f1e4
00011000,FUN_00011000,00010f28,FUN_00010f28
00011000,FUN_00011000,0002ae14,FUN_0002ae14
00011000,FUN_00011000,0002c06c,FUN_0002c06c
00011000,FUN_00011000,0002c8f0,FUN_0002c8f0
00011000,FUN_00011000,0002b150,FUN_0002b150
00011000,FUN_00011000,0002c3fc,FUN_0002c3fc
00011000,FUN_00011000,0002baf4,FUN_0002baf4
00011000,FUN_00011000,0002f198,FUN_0002f198
00011000,FUN_00011000,0002f0f0,FUN_0002f0f0
00011578,FUN_00011578,0004f1e4,FUN_0004f1e4
00011578,FUN_00011578,0002ae14,FUN_0002ae14
00011578,FUN_00011578,0002c06c,FUN_0002c06c
00011578,FUN_00011578,0002c3fc,FUN_0002c3fc
00011578,FUN_00011578,0002baf4,FUN_0002baf4
00011578,FUN_00011578,0002f4bc,FUN_0002f4bc
00011a8c,FUN_00011a8c,00041350,FUN_00041350
00011a8c,FUN_00011a8c,0001c500,FUN_0001c500
00011a8c,FUN_00011a8c,0005d7dc,FUN_0005d7dc
00011a8c,FUN_00011a8c,00033eb4,FUN_00033eb4
00011a8c,FUN_00011a8c,0002c06c,FUN_0002c06c
00011a8c,FUN_00011a8c,00029d60,FUN_00029d60
00011a8c,FUN_00011a8c,0002c3fc,FUN_0002c3fc
00011a8c,FUN_00011a8c,00020df4,FUN_00020df4
00011a8c,FUN_00011a8c,0002f198,FUN_0002f198
00011a8c,FUN_00011a8c,0001d890,FUN_0001d890
00011bcc,FUN_00011bcc,00029d60,FUN_00029d60
00011bcc,FUN_00011bcc,0002c3fc,FUN_0002c3fc
00011d04,FUN_00011d04,0001ea08,FUN_0001ea08
00011d04,FUN_00011d04,00010ee4,FUN_00010ee4
00011d04,FUN_00011d04,00012484,FUN_00012484
00011d04,FUN_00011d04,000263f4,FUN_000263f4
00011d04,FUN_00011d04,000257a4,FUN_000257a4
00011d04,FUN_00011d04,00011bcc,FUN_00011bcc
00011d04,FUN_00011d04,000121a0,FUN_000121a0
00011d04,FUN_00011d04,00032970,FUN_00032970
00011d04,FUN_00011d04,00010e18,FUN_00010e18
00011d04,FUN_00011d04,0002bf08,FUN_0002bf08
00011d04,FUN_00011d04,00033f08,FUN_00033f08
00011d04,FUN_00011d04,00011f28,FUN_00011f28
00011d04,FUN_00011d04,00011578,FUN_00011578
00011d04,FUN_00011d04,0002c06c,FUN_0002c06c
00011d04,FUN_00011d04,00011a8c,FUN_00011a8c
00011d04,FUN_00011d04,00011000,FUN_00011000
00011d04,FUN_00011d04,00029d60,FUN_00029d60
00011d04,FUN_00011d04,0002c3fc,FUN_0002c3fc
00011d04,FUN_00011d04,00010db0,FUN_00010db0
00011d04,FUN_00011d04,00011f6c,FUN_00011f6c
00011f28,FUN_00011f28,0002c060,FUN_0002c060
00011f28,FUN_00011f28,0002ca7c,FUN_0002ca7c
00011f6c,FUN_00011f6c,0001c6d4,FUN_0001c6d4
00011f6c,FUN_00011f6c,0001c500,FUN_0001c500
00011f6c,FUN_00011f6c,00038b18,FUN_00038b18
00011f6c,FUN_00011f6c,0004f1d0,FUN_0004f1d0
00011f6c,FUN_00011f6c,00033904,FUN_00033904
00011f6c,FUN_00011f6c,0002ae14,FUN_0002ae14
00011f6c,FUN_00011f6c,0002c06c,FUN_0002c06c
00011f6c,FUN_00011f6c,00029d60,FUN_00029d60
00011f6c,FUN_00011f6c,00013e28,FUN_00013e28
00011f6c,FUN_00011f6c,0002b150,FUN_0002b150
00011f6c,FUN_00011f6c,0002baf4,FUN_0002baf4
00011f6c,FUN_00011f6c,0002f198,FUN_0002f198
000121a0,FUN_000121a0,00013c70,FUN_00013c70
000121a0,FUN_000121a0,0001c500,FUN_0001c500
000121a0,FUN_000121a0,00038b18,FUN_00038b18
000121a0,FUN_000121a0,0002f280,FUN_0002f280
000121a0,FUN_000121a0,00038910,FUN_00038910
000121a0,FUN_000121a0,0004f1e4,FUN_0004f1e4
000121a0,FUN_000121a0,0005d7dc,FUN_0005d7dc
000121a0,FUN_000121a0,00033904,FUN_00033904
000121a0,FUN_000121a0,0002ae14,FUN_0002ae14
000121a0,FUN_000121a0,0002b150,FUN_0002b150
000121a0,FUN_000121a0,0002c3fc,FUN_0002c3fc
000121a0,FUN_000121a0,0002baf4,FUN_0002baf4
000121a0,FUN_000121a0,0002f198,FUN_0002f198
00012484,FUN_00012484,00013c70,FUN_00013c70
00012484,FUN_00012484,0001c500,FUN_0001c500
00012484,FUN_00012484,00038b18,FUN_00038b18
00012484,FUN_00012484,00033904,FUN_00033904
00012484,FUN_00012484,0002ae14,FUN_0002ae14
00012484,FUN_00012484,0002baf4,FUN_0002baf4
00012484,FUN_00012484,0002f198,FUN_0002f198
00012484,FUN_00012484,00012658,FUN_00012658
00012658,FUN_00012658,00013c70,FUN_00013c70
00012658,FUN_00012658,0001c6d4,FUN_0001c6d4
00012658,FUN_00012658,00033904,FUN_00033904
00012658,FUN_00012658,0002ae14,FUN_0002ae14
00012750,FUN_00012750,000249c0,FUN_000249c0
0001282c,FUN_0001282c,0005d7dc,FUN_0005d7dc
0001282c,FUN_0001282c,0002ae14,FUN_0002ae14
000128d4,FUN_000128d4,0005d7dc,FUN_0005d7dc
000128d4,FUN_000128d4,0002ae14,FUN_0002ae14
000128d4,FUN_000128d4,000129fc,FUN_000129fc
000129fc,FUN_000129fc,00017d30,FUN_00017d30
000129fc,FUN_000129fc,00012bb8,FUN_00012bb8
00012bb8,FUN_00012bb8,0002bc30,FUN_0002bc30
00012bb8,FUN_00012bb8,0004dbb4,FUN_0004dbb4
00012bb8,FUN_00012bb8,0002ae14,FUN_0002ae14
00012bb8,FUN_00012bb8,0002b150,FUN_0002b150
00012bb8,FUN_00012bb8,0002c3fc,FUN_0002c3fc
00012d48,FUN_00012d48,00012df0,FUN_00012df0
00012d48,FUN_00012d48,0001333c,FUN_0001333c
00012d48,FUN_00012d48,00013290,FUN_00013290
00012d48,FUN_00012d48,00012e3c,FUN_00012e3c
00012da8,FUN_00012da8,0001317c,FUN_0001317c
00012e3c,FUN_00012e3c,00018714,FUN_00018714
00012e3c,FUN_00012e3c,00012c7c,FUN_00012c7c
00012fd8,FUN_00012fd8,00018714,FUN_00018714
0001317c,FUN_0001317c,00012cd4,FUN_00012cd4
0001317c,FUN_0001317c,00061a4c,FUN_00061a4c
00013420,FUN_00013420,00033734,FUN_00033734
00013420,FUN_00013420,000249b0,FUN_000249b0
00013420,FUN_00013420,000249d0,FUN_000249d0
00013420,FUN_00013420,00033714,FUN_00033714
000134c0,FUN_000134c0,00033734,FUN_00033734
000134c0,FUN_000134c0,000249b0,FUN_000249b0
000134c0,FUN_000134c0,000249d0,FUN_000249d0
00013adc,FUN_00013adc,000249c0,FUN_000249c0
00013b3c,FUN_00013b3c,000249b0,FUN_000249b0
00013b3c,FUN_00013b3c,000249d0,FUN_000249d0
00013b3c,FUN_00013b3c,0001b544,FUN_0001b544
00013c70,FUN_00013c70,000249b0,FUN_000249b0
00013c70,FUN_00013c70,000249d0,FUN_000249d0
00013c70,FUN_00013c70,0001b544,FUN_0001b544
00013d4c,FUN_00013d4c,000249b0,FUN_000249b0
00013d4c,FUN_00013d4c,000249d0,FUN_000249d0
00013d4c,FUN_00013d4c,0001b544,FUN_0001b544
00013df0,FUN_00013df0,00013420,FUN_00013420
00013e28,FUN_00013e28,000249b0,FUN_000249b0
00013e28,FUN_00013e28,000249d0,FUN_000249d0
00013e28,FUN_00013e28,0001b544,FUN_0001b544
00013ef0,FUN_00013ef0,00013f68,FUN_00013f68
00013f68,FUN_00013f68,00013f68,FUN_00013f68
000140e4,FUN_000140e4,00014080,FUN_00014080
000140e4,FUN_000140e4,0001b544,FUN_0001b544
00014268,FUN_00014268,0001b544,FUN_0001b544
00014328,FUN_00014328,00051e5c,FUN_00051e5c
00014328,FUN_00014328,00014268,FUN_00014268
00014590,FUN_00014590,00033950,FUN_00033950
0001461c,FUN_0001461c,0004f944,FUN_0004f944
0001461c,FUN_0001461c,0003f720,FUN_0003f720
0001461c,FUN_0001461c,000146f0,FUN_000146f0
0001461c,FUN_0001461c,00033950,FUN_00033950
0001461c,FUN_0001461c,00014590,FUN_00014590
000146f0,FUN_000146f0,0001890c,FUN_0001890c
000146f0,FUN_000146f0,0003c480,FUN_0003c480
000146f0,FUN_000146f0,000188dc,FUN_000188dc
000146f0,FUN_000146f0,000339ac,FUN_000339ac
000146f0,FUN_000146f0,0003c520,FUN_0003c520
000146f0,FUN_000146f0,0003c148,FUN_0003c148
000146f0,FUN_000146f0,0002c3fc,FUN_0002c3fc
000146f0,FUN_000146f0,00018b04,FUN_00018b04
000146f0,FUN_000146f0,00014590,FUN_00014590
00014988,FUN_00014988,0004f944,FUN_0004f944
00014988,FUN_00014988,0003f720,FUN_0003f720
00014988,FUN_00014988,00014a5c,FUN_00014a5c
00014988,FUN_00014988,00033950,FUN_00033950
00014988,FUN_00014988,00014590,FUN_00014590
00014a5c,FUN_00014a5c,0001890c,FUN_0001890c
00014a5c,FUN_00014a5c,0003c480,FUN_0003c480
00014a5c,FUN_00014a5c,000188dc,FUN_000188dc
00014a5c,FUN_00014a5c,000339ac,FUN_000339ac
00014a5c,FUN_00014a5c,0003c520,FUN_0003c520
00014a5c,FUN_00014a5c,0003c148,FUN_0003c148
00014a5c,FUN_00014a5c,0002c3fc,FUN_0002c3fc
00014a5c,FUN_00014a5c,00018b04,FUN_00018b04
00014a5c,FUN_00014a5c,00014590,FUN_00014590
00014b90,FUN_00014b90,00018b44,FUN_00018b44
00014b90,FUN_00014b90,0003c16c,FUN_0003c16c
00014b90,FUN_00014b90,000339ac,FUN_000339ac
00014b90,FUN_00014b90,0003c520,FUN_0003c520
00014b90,FUN_00014b90,0002c3fc,FUN_0002c3fc
00014b90,FUN_00014b90,0003c148,FUN_0003c148
00014b90,FUN_00014b90,000396ac,FUN_000396ac
00014b90,FUN_00014b90,00014590,FUN_00014590
00015b90,FUN_00015b90,00017eec,FUN_00017eec
00015b90,FUN_00015b90,0001a570,FUN_0001a570
00015c30,FUN_00015c30,0001b544,FUN_0001b544
00015c30,FUN_00015c30,00015b90,FUN_00015b90
00015f48,FUN_00015f48,00061a70,FUN_00061a70
00016308,FUN_00016308,00017eec,FUN_00017eec
00016308,FUN_00016308,0001b544,FUN_0001b544
0001631c,FUN_0001631c,00017eec,FUN_00017eec
0001631c,FUN_0001631c,00041030,FUN_00041030
0001631c,FUN_0001631c,0001b544,FUN_0001b544
000164f4,FUN_000164f4,000164c0,FUN_000164c0
000164f4,FUN_000164f4,0003c570,FUN_0003c570
000164f4,FUN_000164f4,0001a570,FUN_0001a570
00016734,FUN_00016734,00033a10,FUN_00033a10
00016afc,FUN_00016afc,000164c0,FUN_000164c0
00016afc,FUN_00016afc,00016734,FUN_00016734
00016afc,FUN_00016afc,0003c570,FUN_0003c570
00016afc,FUN_00016afc,0001a570,FUN_0001a570
00016da4,FUN_00016da4,0001638c,FUN_0001638c
00016da4,FUN_00016da4,00015ec0,FUN_00015ec0
00016da4,FUN_00016da4,0001617c,FUN_0001617c
00016da4,FUN_00016da4,0001631c,FUN_0001631c
000170a0,FUN_000170a0,00017eec,FUN_00017eec
000170a0,FUN_000170a0,00015fd4,FUN_00015fd4
000170a0,FUN_000170a0,00016da4,FUN_00016da4
000170a0,FUN_000170a0,00015c30,FUN_00015c30
000170a0,FUN_000170a0,00015f48,FUN_00015f48
000170a0,FUN_000170a0,0001b544,FUN_0001b544
000170a0,FUN_000170a0,000181d0,FUN_000181d0
000170a0,FUN_000170a0,00061a70,FUN_00061a70
00017580,FUN_00017580,000140e4,FUN_000140e4
00017580,FUN_00017580,000170a0,FUN_000170a0
000176cc,FUN_000176cc,00017eec,FUN_00017eec
000176cc,FUN_000176cc,00016da4,FUN_00016da4
000176cc,FUN_000176cc,00015c30,FUN_00015c30
000176cc,FUN_000176cc,0001b544,FUN_0001b544
000176cc,FUN_000176cc,000140e4,FUN_000140e4
000176cc,FUN_000176cc,000181d0,FUN_000181d0
000176cc,FUN_000176cc,00033950,FUN_00033950
0001790c,FUN_0001790c,00017eec,FUN_00017eec
0001790c,FUN_0001790c,00015fd4,FUN_00015fd4
0001790c,FUN_0001790c,00016da4,FUN_00016da4
0001790c,FUN_0001790c,00015c30,FUN_00015c30
0001790c,FUN_0001790c,00015f48,FUN_00015f48
0001790c,FUN_0001790c,0001b544,FUN_0001b544
0001790c,FUN_0001790c,000181d0,FUN_000181d0
0001790c,FUN_0001790c,00061a70,FUN_00061a70
00017bc8,FUN_00017bc8,0002b150,FUN_0002b150
00017bc8,FUN_00017bc8,000140e4,FUN_000140e4
00017bc8,FUN_00017bc8,000181d0,FUN_000181d0
00017bc8,FUN_00017bc8,0002c3fc,FUN_0002c3fc
00017bc8,FUN_00017bc8,0003b938,FUN_0003b938
00017cb0,FUN_00017cb0,00015f48,FUN_00015f48
00017cb0,FUN_00017cb0,00017bc8,FUN_00017bc8
00017cb0,FUN_00017cb0,000176cc,FUN_000176cc
00017d30,FUN_00017d30,00015f48,FUN_00015f48
00017d30,FUN_00017d30,0001790c,FUN_0001790c
00017fa0,FUN_00017fa0,00017eec,FUN_00017eec
00017fa0,FUN_00017fa0,00016308,FUN_00016308
00017fa0,FUN_00017fa0,00016afc,FUN_00016afc
00017fa0,FUN_00017fa0,000164f4,FUN_000164f4
00017fa0,FUN_00017fa0,0001a570,FUN_0001a570
00018350,FUN_00018350,0001a570,FUN_0001a570
00018460,FUN_00018460,00018428,FUN_00018428
00018540,FUN_00018540,00018460,FUN_00018460
000186c4,FUN_000186c4,000186d0,FUN_000186d0
000186d0,FUN_000186d0,00018350,FUN_00018350
000186d0,FUN_000186d0,00018540,FUN_00018540
00018714,FUN_00018714,00018350,FUN_00018350
00018714,FUN_00018714,00018540,FUN_00018540
00018788,FUN_00018788,00018350,FUN_00018350
00018788,FUN_00018788,00018540,FUN_00018540
000187fc,FUN_000187fc,000186d0,FUN_000186d0
0001881c,FUN_0001881c,000186d0,FUN_000186d0
0001883c,FUN_0001883c,00018788,FUN_00018788
0001883c,FUN_0001883c,00018714,FUN_00018714
0001883c,FUN_0001883c,000186d0,FUN_000186d0
000188ac,FUN_000188ac,000186d0,FUN_000186d0
000188dc,FUN_000188dc,00018714,FUN_00018714
0001890c,FUN_0001890c,000186d0,FUN_000186d0
000189fc,FUN_000189fc,00033a10,FUN_00033a10
000189fc,FUN_000189fc,0001a570,FUN_0001a570
00018a4c,FUN_00018a4c,000189fc,FUN_000189fc
00018a4c,FUN_00018a4c,00033950,FUN_00033950
00018a4c,FUN_00018a4c,0001a570,FUN_0001a570
00018af8,FUN_00018af8,00018b04,FUN_00018b04
00018b04,FUN_00018b04,00018714,FUN_00018714
00018b04,FUN_00018b04,00033950,FUN_00033950
00018b44,FUN_00018b44,0002ae14,FUN_0002ae14
00018c14,FUN_00018c14,00018b44,FUN_00018b44
00018c14,FUN_00018c14,0003b298,FUN_0003b298
00018c14,FUN_00018c14,00018a4c,FUN_00018a4c
00018c14,FUN_00018c14,0001ddf4,FUN_0001ddf4
00018c14,FUN_00018c14,000189fc,FUN_000189fc
00018c14,FUN_00018c14,00033950,FUN_00033950
00018c14,FUN_00018c14,00039efc,FUN_00039efc
00019068,FUN_00019068,0003cf38,FUN_0003cf38
00019068,FUN_00019068,0001922c,FUN_0001922c
00019068,FUN_00019068,0003c570,FUN_0003c570
00019164,FUN_00019164,00061a4c,FUN_00061a4c
0001922c,FUN_0001922c,00033950,FUN_00033950
000192dc,FUN_000192dc,00039278,FUN_00039278
000192dc,FUN_000192dc,00033950,FUN_00033950
000193b0,FUN_000193b0,0003962c,FUN_0003962c
000193b0,FUN_000193b0,00034d8c,FUN_00034d8c
000193b0,FUN_000193b0,0003c148,FUN_0003c148
000193b0,FUN_000193b0,000396ac,FUN_000396ac
000193b0,FUN_000193b0,00033950,FUN_00033950
000193b0,FUN_000193b0,00018b44,FUN_00018b44
000193b0,FUN_000193b0,0002bd44,FUN_0002bd44
000193b0,FUN_000193b0,0003c16c,FUN_0003c16c
000193b0,FUN_000193b0,00039a10,FUN_00039a10
000193b0,FUN_000193b0,0003b714,FUN_0003b714
000193b0,FUN_000193b0,00019164,FUN_00019164
000193b0,FUN_000193b0,0001922c,FUN_0001922c
000193b0,FUN_000193b0,000192dc,FUN_000192dc
0001958c,FUN_0001958c,00018950,FUN_00018950
0001958c,FUN_0001958c,0005d7dc,FUN_0005d7dc
0001958c,FUN_0001958c,00019020,FUN_00019020
0001958c,FUN_0001958c,0003afc4,FUN_0003afc4
0001958c,FUN_0001958c,000193b0,FUN_000193b0
0001958c,FUN_0001958c,00033950,FUN_00033950
0001975c,FUN_0001975c,0003962c,FUN_0003962c
0001975c,FUN_0001975c,00018b44,FUN_00018b44
0001975c,FUN_0001975c,00017cb0,FUN_00017cb0
0001975c,FUN_0001975c,00039278,FUN_00039278
0001975c,FUN_0001975c,0001922c,FUN_0001922c
0001975c,FUN_0001975c,0003b938,FUN_0003b938
0001975c,FUN_0001975c,000396ac,FUN_000396ac
0001975c,FUN_0001975c,0003b464,FUN_0003b464
0001975c,FUN_0001975c,00033950,FUN_00033950
00019820,FUN_00019820,000249c0,FUN_000249c0
00019958,FUN_00019958,0005d7dc,FUN_0005d7dc
00019958,FUN_00019958,0002ae14,FUN_0002ae14
0001a5ac,FUN_0001a5ac,00033950,FUN_00033950
0001a6ac,FUN_0001a6ac,0003c480,FUN_0003c480
0001a6ac,FUN_0001a6ac,00033a68,FUN_00033a68
0001a6ac,FUN_0001a6ac,00018b04,FUN_00018b04
0001a734,FUN_0001a734,00033a10,FUN_00033a10
0001a734,FUN_0001a734,0003c480,FUN_0003c480
0001a734,FUN_0001a734,00018b04,FUN_00018b04
0001a7cc,FUN_0001a7cc,00033a10,FUN_00033a10
0001a7cc,FUN_0001a7cc,0003afc4,FUN_0003afc4
0001a7cc,FUN_0001a7cc,0001a6ac,FUN_0001a6ac
0001a7cc,FUN_0001a7cc,00018b04,FUN_00018b04
0001a8f4,FUN_0001a8f4,0002bc30,FUN_0002bc30
0001a8f4,FUN_0001a8f4,00033a68,FUN_00033a68
0001a978,FUN_0001a978,0003b134,FUN_0003b134
0001a978,FUN_0001a978,00033a10,FUN_00033a10
0001a978,FUN_0001a978,0001a8f4,FUN_0001a8f4
0001a978,FUN_0001a978,0001a640,FUN_0001a640
0001a978,FUN_0001a978,0001a6ac,FUN_0001a6ac
0001ab10,FUN_0001ab10,00033a10,FUN_00033a10
0001ab5c,FUN_0001ab5c,00033a10,FUN_00033a10
0001ab5c,FUN_0001ab5c,00046460,FUN_00046460
0001ab5c,FUN_0001ab5c,0001a7cc,FUN_0001a7cc
0001ab5c,FUN_0001ab5c,00018b04,FUN_00018b04
0001ab5c,FUN_0001ab5c,0001ab10,FUN_0001ab10
0001aca8,FUN_0001aca8,00061564,FUN_00061564
0001acf0,FUN_0001acf0,00061ab0,FUN_00061ab0
0001acf0,FUN_0001acf0,00061a88,FUN_00061a88
0001ad30,FUN_0001ad30,00061564,FUN_00061564
0001ad64,FUN_0001ad64,00061564,FUN_00061564
0001adac,FUN_0001adac,00061564,FUN_00061564
0001ade4,FUN_0001ade4,00061564,FUN_00061564
0001afe8,FUN_0001afe8,00010d34,FUN_00010d34
0001afe8,FUN_0001afe8,00061ec0,FUN_00061ec0
0001afe8,FUN_0001afe8,00010d0c,FUN_00010d0c
0001afe8,FUN_0001afe8,00062003,FUN_00062003
0001afe8,FUN_0001afe8,00061cf6,FUN_00061cf6
0001afe8,FUN_0001afe8,00061c60,FUN_00061c60
0001afe8,FUN_0001afe8,00061a70,FUN_00061a70
0001b084,FUN_0001b084,00010d34,FUN_00010d34
0001b084,FUN_0001b084,00061ec0,FUN_00061ec0
0001b084,FUN_0001b084,00010d0c,FUN_00010d0c
0001b084,FUN_0001b084,00062003,FUN_00062003
0001b084,FUN_0001b084,0002d4ec,FUN_0002d4ec
0001b084,FUN_0001b084,00061c60,FUN_00061c60
0001b084,FUN_0001b084,00062031,FUN_00062031
0001b120,FUN_0001b120,00061ec0,FUN_00061ec0
0001b120,FUN_0001b120,0001d290,FUN_0001d290
0001b120,FUN_0001b120,0001b3ac,FUN_0001b3ac
0001b120,FUN_0001b120,0006225a,FUN_0006225a
0001b120,FUN_0001b120,00061cf6,FUN_00061cf6
0001b120,FUN_0001b120,00061c60,FUN_00061c60
0001b120,FUN_0001b120,0001c308,FUN_0001c308
0001b120,FUN_0001b120,00062356,FUN_00062356
0001b3ac,FUN_0001b3ac,0001c65c,FUN_0001c65c
0001b3ac,FUN_0001b3ac,00061ec0,FUN_00061ec0
0001b3ac,FUN_0001b3ac,0001c500,FUN_0001c500
0001b3ac,FUN_0001b3ac,0001e75c,FUN_0001e75c
0001b3ac,FUN_0001b3ac,0001e808,FUN_0001e808
0001b3ac,FUN_0001b3ac,0001d290,FUN_0001d290
0001b3ac,FUN_0001b3ac,00061cf6,FUN_00061cf6
0001b3ac,FUN_0001b3ac,00062386,FUN_00062386
0001b3ac,FUN_0001b3ac,00061c60,FUN_00061c60
0001b544,FUN_0001b544,0001e774,FUN_0001e774
0001b544,FUN_0001b544,0001d290,FUN_0001d290
0001b544,FUN_0001b544,0001b3ac,FUN_0001b3ac
0001b544,FUN_0001b544,000500bb,FUN_000500bb
0001bbac,FUN_0001bbac,0001b850,FUN_0001b850
0001bbac,FUN_0001bbac,0001b730,FUN_0001b730
0001bbac,FUN_0001bbac,0001b6a0,FUN_0001b6a0
0001bbac,FUN_0001bbac,0001b890,FUN_0001b890
0001bbac,FUN_0001bbac,0001b610,FUN_0001b610
0001bbac,FUN_0001bbac,0001b870,FUN_0001b870
0001bbac,FUN_0001bbac,0001b908,FUN_0001b908
0001bbac,FUN_0001bbac,0004fc05,FUN_0004fc05
0001bbac,FUN_0001bbac,0004fdf5,FUN_0004fdf5
0001bbac,FUN_0001bbac,0004fbbb,FUN_0004fbbb
0001bbac,FUN_0001bbac,0004fcfd,FUN_0004fcfd
0001bbac,FUN_0001bbac,0004ff8f,FUN_0004ff8f
0001bbac,FUN_0001bbac,0001b7c0,FUN_0001b7c0
0001bbac,FUN_0001bbac,0001b8dc,FUN_0001b8dc
0001bbac,FUN_0001bbac,0004ffd8,FUN_0004ffd8
0001be30,FUN_0001be30,0001b084,FUN_0001b084
0001be30,FUN_0001be30,00010d34,FUN_00010d34
0001be30,FUN_0001be30,0001ade4,FUN_0001ade4
0001be30,FUN_0001be30,0001d018,FUN_0001d018
0001be30,FUN_0001be30,0004fb98,FUN_0004fb98
0001bec4,FUN_0001bec4,0004fba2,FUN_0004fba2
0001bec4,FUN_0001bec4,00010d34,FUN_00010d34
0001bec4,FUN_0001bec4,0001ade4,FUN_0001ade4
0001bec4,FUN_0001bec4,0001b120,FUN_0001b120
0001bec4,FUN_0001bec4,0001d290,FUN_0001d290
0001bec4,FUN_0001bec4,0001d0bc,FUN_0001d0bc
0001bec4,FUN_0001bec4,00020c10,FUN_00020c10
0001bec4,FUN_0001bec4,0001e2a0,FUN_0001e2a0
0001bec4,FUN_0001bec4,0001adac,FUN_0001adac
0001bec4,FUN_0001bec4,000336c0,FUN_000336c0
0001bec4,FUN_0001bec4,00047370,FUN_00047370
0001bec4,FUN_0001bec4,00061a70,FUN_00061a70
0001bec4,FUN_0001bec4,0001aca8,FUN_0001aca8
0001bec4,FUN_0001bec4,00010c30,FUN_00010c30
0001bec4,FUN_0001bec4,00010d0c,FUN_00010d0c
0001bec4,FUN_0001bec4,0001cf40,FUN_0001cf40
0001bec4,FUN_0001bec4,0001b3ac,FUN_0001b3ac
0001bec4,FUN_0001bec4,0005004a,FUN_0005004a
0001bec4,FUN_0001bec4,0001be30,FUN_0001be30
0001bec4,FUN_0001bec4,0004fb98,FUN_0004fb98
0001bec4,FUN_0001bec4,00051f45,FUN_00051f45
0001bec4,FUN_0001bec4,000623b0,FUN_000623b0
0001bec4,FUN_0001bec4,000109a0,FUN_000109a0
0001bec4,FUN_0001bec4,0001ad64,FUN_0001ad64
0001c0f0,FUN_0001c0f0,00061423,FUN_00061423
0001c0f0,FUN_0001c0f0,00062734,FUN_00062734
0001c0f0,FUN_0001c0f0,00061506,FUN_00061506
0001c0f0,FUN_0001c0f0,0001e2d8,FUN_0001e2d8
0001c0f0,FUN_0001c0f0,0001be30,FUN_0001be30
0001c0f0,FUN_0001c0f0,00062003,FUN_00062003
0001c0f0,FUN_0001c0f0,0001acf0,FUN_0001acf0
0001c0f0,FUN_0001c0f0,0001ad30,FUN_0001ad30
0001c0f0,FUN_0001c0f0,00061a70,FUN_00061a70
0001c0f0,FUN_0001c0f0,0001ad64,FUN_0001ad64
0001c308,FUN_0001c308,0001e458,FUN_0001e458
0001c3fc,FUN_0001c3fc,0001c3a0,FUN_0001c3a0
0001c470,FUN_0001c470,0001b544,FUN_0001b544
0001c500,FUN_0001c500,000474e4,FUN_000474e4
0001c528,FUN_0001c528,0001b544,FUN_0001b544
0001c5e8,FUN_0001c5e8,00051ed8,FUN_00051ed8
0001c5e8,FUN_0001c5e8,00033754,FUN_00033754
0001c5e8,FUN_0001c5e8,0001c528,FUN_0001c528
0001c65c,FUN_0001c65c,0001c5e8,FUN_0001c5e8
0001c65c,FUN_0001c65c,0001c470,FUN_0001c470
0001c740,FUN_0001c740,00052106,FUN_00052106
0001c740,FUN_0001c740,00065340,FUN_00065340
0001c740,FUN_0001c740,000643cc,FUN_000643cc
0001c740,FUN_0001c740,00064ed8,FUN_00064ed8
0001c740,FUN_0001c740,00050d23,FUN_00050d23
0001c740,FUN_0001c740,00064130,FUN_00064130
0001c740,FUN_0001c740,00065240,FUN_00065240
0001c740,FUN_0001c740,000649b0,FUN_000649b0
0001c740,FUN_0001c740,00062756,FUN_00062756
0001c740,FUN_0001c740,00050161,FUN_00050161
0001c740,FUN_0001c740,0006345c,FUN_0006345c
0001c740,FUN_0001c740,00063ce8,FUN_00063ce8
0001c884,FUN_0001c884,0001d290,FUN_0001d290
0001c884,FUN_0001c884,0001c308,FUN_0001c308
0001c8cc,FUN_0001c8cc,0001e6d8,FUN_0001e6d8
0001c8cc,FUN_0001c8cc,0001c320,FUN_0001c320
0001c930,FUN_0001c930,0005deaf,FUN_0005deaf
0001c930,FUN_0001c930,0005deca,FUN_0005deca
0001c930,FUN_0001c930,0005de79,FUN_0005de79
0001c930,FUN_0001c930,0001b544,FUN_0001b544
0001c930,FUN_0001c930,0005de48,FUN_0005de48
0001ca40,FUN_0001ca40,0005deed,FUN_0005deed
0001ca6c,FUN_0001ca6c,0005deaf,FUN_0005deaf
0001ca6c,FUN_0001ca6c,0001ca40,FUN_0001ca40
0001cab8,FUN_0001cab8,0005deed,FUN_0005deed
0001cab8,FUN_0001cab8,0005deca,FUN_0005deca
0001cb18,FUN_0001cb18,0005dc2a,FUN_0005dc2a
0001cb18,FUN_0001cb18,0005dc4d,FUN_0005dc4d
0001cb18,FUN_0001cb18,0005dcc5,FUN_0005dcc5
0001cb18,FUN_0001cb18,0005dc70,FUN_0005dc70
0001cb18,FUN_0001cb18,0005dce4,FUN_0005dce4
0001cb18,FUN_0001cb18,0001b544,FUN_0001b544
0001cb18,FUN_0001cb18,0005dc0f,FUN_0005dc0f
0001cb18,FUN_0001cb18,0005dca6,FUN_0005dca6
0001cc28,FUN_0001cc28,000500bb,FUN_000500bb
0001cc28,FUN_0001cc28,0001b544,FUN_0001b544
0001cc28,FUN_0001cc28,0005dc0f,FUN_0005dc0f
0001cc28,FUN_0001cc28,0005dc8b,FUN_0005dc8b
0001cc28,FUN_0001cc28,0005dd03,FUN_0005dd03
0001cd9c,FUN_0001cd9c,0005dc0f,FUN_0005dc0f
0001cd9c,FUN_0001cd9c,0005dc8b,FUN_0005dc8b
0001cd9c,FUN_0001cd9c,0005dd03,FUN_0005dd03
0001ce04,FUN_0001ce04,0005dc0f,FUN_0005dc0f
0001ce04,FUN_0001ce04,0005dc8b,FUN_0005dc8b
0001ce04,FUN_0001ce04,0005dd03,FUN_0005dd03
0001ce70,FUN_0001ce70,0005dd03,FUN_0005dd03
0001ced4,FUN_0001ced4,0005dcc5,FUN_0005dcc5
0001ced4,FUN_0001ced4,0005dd03,FUN_0005dd03
0001cf20,FUN_0001cf20,0001c930,FUN_0001c930
0001cf20,FUN_0001cf20,0001cb18,FUN_0001cb18
0001cf40,FUN_0001cf40,0005de1f,FUN_0005de1f
0001cf40,FUN_0001cf40,0005db7c,FUN_0005db7c
0001cf40,FUN_0001cf40,0005dbcb,FUN_0005dbcb
0001cf40,FUN_0001cf40,0005da12,FUN_0005da12
0001cf40,FUN_0001cf40,0005da87,FUN_0005da87
0001cf40,FUN_0001cf40,0005daa6,FUN_0005daa6
0001cf40,FUN_0001cf40,0005d851,FUN_0005d851
0001cf40,FUN_0001cf40,0005d87e,FUN_0005d87e
0001cf40,FUN_0001cf40,0005ddd0,FUN_0005ddd0
0001cf40,FUN_0001cf40,0005dc0f,FUN_0005dc0f
0001d018,FUN_0001d018,0005deaf,FUN_0005deaf
0001d018,FUN_0001d018,0005deed,FUN_0005deed
0001d018,FUN_0001d018,0005d86a,FUN_0005d86a
0001d018,FUN_0001d018,0005dc8b,FUN_0005dc8b
0001d018,FUN_0001d018,0005dd03,FUN_0005dd03
0001d0bc,FUN_0001d0bc,00062734,FUN_00062734
0001d0bc,FUN_0001d0bc,0001c308,FUN_0001c308
0001d0bc,FUN_0001d0bc,00061a70,FUN_00061a70
0001d1b0,FUN_0001d1b0,0005deaf,FUN_0005deaf
0001d1b0,FUN_0001d1b0,0001ca40,FUN_0001ca40
0001d250,FUN_0001d250,0001cd9c,FUN_0001cd9c
0001d250,FUN_0001d250,0001d1b0,FUN_0001d1b0
0001d270,FUN_0001d270,0001d1b0,FUN_0001d1b0
0001d290,FUN_0001d290,00065380,FUN_00065380
0001d290,FUN_0001d290,0001be30,FUN_0001be30
0001d290,FUN_0001d290,00062003,FUN_00062003
0001d2f0,FUN_0001d2f0,00010d70,FUN_00010d70
0001d464,FUN_0001d464,00010d70,FUN_00010d70
0001d4d0,FUN_0001d4d0,00033a10,FUN_00033a10
0001d540,FUN_0001d540,0001d464,FUN_0001d464
0001d540,FUN_0001d540,0001d74c,FUN_0001d74c
0001d540,FUN_0001d540,00033a10,FUN_00033a10
0001d540,FUN_0001d540,000468d8,FUN_000468d8
0001d540,FUN_0001d540,0001d4d0,FUN_0001d4d0
0001d540,FUN_0001d540,0001d2f0,FUN_0001d2f0
0001d764,FUN_0001d764,0002bc30,FUN_0002bc30
0001d764,FUN_0001d764,0001d2f0,FUN_0001d2f0
0001d7b8,FUN_0001d7b8,0002ae14,FUN_0002ae14
0001d7b8,FUN_0001d7b8,0002b150,FUN_0002b150
0001d810,FUN_0001d810,0002b150,FUN_0002b150
0001d838,FUN_0001d838,0002ae14,FUN_0002ae14
0001d838,FUN_0001d838,0002b150,FUN_0002b150
0001d890,FUN_0001d890,0001d464,FUN_0001d464
0001d890,FUN_0001d890,0001d838,FUN_0001d838
0001d890,FUN_0001d890,0001d2f0,FUN_0001d2f0
0001d890,FUN_0001d890,0002ae14,FUN_0002ae14
0001da08,FUN_0001da08,0002bc30,FUN_0002bc30
0001da84,FUN_0001da84,00010d70,FUN_00010d70
0001dae8,FUN_0001dae8,0001da84,FUN_0001da84
0001dae8,FUN_0001dae8,0001d838,FUN_0001d838
0001dae8,FUN_0001dae8,0002ae14,FUN_0002ae14
0001dc6c,FUN_0001dc6c,0001d464,FUN_0001d464
0001dc6c,FUN_0001dc6c,0001d838,FUN_0001d838
0001dc6c,FUN_0001dc6c,0001d2f0,FUN_0001d2f0
0001dc6c,FUN_0001dc6c,0002ae14,FUN_0002ae14
0001ddf4,FUN_0001ddf4,0001881c,FUN_0001881c
0001ddf4,FUN_0001ddf4,000187fc,FUN_000187fc
0001de64,FUN_0001de64,00046460,FUN_00046460
0001de64,FUN_0001de64,0004649c,FUN_0004649c
0001de64,FUN_0001de64,0001ddf4,FUN_0001ddf4
0001de64,FUN_0001de64,00033950,FUN_00033950
0001e2a0,FUN_0001e2a0,0001c0f0,FUN_0001c0f0
0001e2d8,FUN_0001e2d8,00061a70,FUN_00061a70
0001e30c,FUN_0001e30c,000653a1,FUN_000653a1
0001e30c,FUN_0001e30c,0001e62c,FUN_0001e62c
0001e30c,FUN_0001e30c,000500bb,FUN_000500bb
0001e458,FUN_0001e458,0001e30c,FUN_0001e30c
0001e458,FUN_0001e458,000500bb,FUN_000500bb
0001e458,FUN_0001e458,00061a70,FUN_00061a70
0001e62c,FUN_0001e62c,00061a70,FUN_00061a70
0001e774,FUN_0001e774,0001c308,FUN_0001c308
0001e808,FUN_0001e808,000500bb,FUN_000500bb
0001e824,FUN_0001e824,0001e988,FUN_0001e988
0001e824,FUN_0001e824,0002da0c,FUN_0002da0c
0001e824,FUN_0001e824,0002dca0,FUN_0002dca0
0001e824,FUN_0001e824,0002dbc4,FUN_0002dbc4
0001e824,FUN_0001e824,0001e918,FUN_0001e918
0001e918,FUN_0001e918,0002dca0,FUN_0002dca0
0001e918,FUN_0001e918,0002dbc4,FUN_0002dbc4
0001e988,FUN_0001e988,0002d974,FUN_0002d974
0001ea08,FUN_0001ea08,00038b18,FUN_00038b18
0001ea08,FUN_0001ea08,0004f1e4,FUN_0004f1e4
0001ea08,FUN_0001ea08,0002f4d0,FUN_0002f4d0
0001ea08,FUN_0001ea08,0002ae14,FUN_0002ae14
0001ea08,FUN_0001ea08,0002a17c,FUN_0002a17c
0001ea08,FUN_0001ea08,0002baf4,FUN_0002baf4
0001ea08,FUN_0001ea08,0002dbc4,FUN_0002dbc4
0001ea08,FUN_0001ea08,0002f4bc,FUN_0002f4bc
0001ec38,FUN_0001ec38,0002dde4,FUN_0002dde4
0001ec38,FUN_0001ec38,000204f4,FUN_000204f4
0001ec38,FUN_0001ec38,0002da0c,FUN_0002da0c
0001ec38,FUN_0001ec38,0002dae4,FUN_0002dae4
0001ecc8,FUN_0001ecc8,0002dde4,FUN_0002dde4
0001ed2c,FUN_0001ed2c,00038b18,FUN_00038b18
0001ed2c,FUN_0001ed2c,0004f1e4,FUN_0004f1e4
0001ed2c,FUN_0001ed2c,0002bcf4,FUN_0002bcf4
0001ed2c,FUN_0001ed2c,0002ae14,FUN_0002ae14
0001ed2c,FUN_0001ed2c,0002baf4,FUN_0002baf4
0001eeb0,FUN_0001eeb0,0001ec38,FUN_0001ec38
0001eeb0,FUN_0001eeb0,0001ea08,FUN_0001ea08
0001eeb0,FUN_0001eeb0,0004f980,FUN_0004f980
0001eeb0,FUN_0001eeb0,0001ed2c,FUN_0001ed2c
0001eeb0,FUN_0001eeb0,0004f1e4,FUN_0004f1e4
0001eeb0,FUN_0001eeb0,0001f458,FUN_0001f458
0001eeb0,FUN_0001eeb0,0001ecc8,FUN_0001ecc8
0001eeb0,FUN_0001eeb0,0002c3fc,FUN_0002c3fc
0001eeb0,FUN_0001eeb0,0002baf4,FUN_0002baf4
0001f458,FUN_0001f458,0001c500,FUN_0001c500
0001f458,FUN_0001f458,0002f510,FUN_0002f510
0001f458,FUN_0001f458,0002bcf4,FUN_0002bcf4
0001f458,FUN_0001f458,0002f4d0,FUN_0002f4d0
0001f458,FUN_0001f458,0002ae14,FUN_0002ae14
0001f458,FUN_0001f458,0001ffd0,FUN_0001ffd0
0001f458,FUN_0001f458,0002f434,FUN_0002f434
0001f458,FUN_0001f458,00020710,FUN_00020710
0001f458,FUN_0001f458,0002c3fc,FUN_0002c3fc
0001f458,FUN_0001f458,0002f4bc,FUN_0002f4bc
0001ffd0,FUN_0001ffd0,0002f510,FUN_0002f510
0001ffd0,FUN_0001ffd0,0002bcf4,FUN_0002bcf4
0001ffd0,FUN_0001ffd0,0002ae14,FUN_0002ae14
0001ffd0,FUN_0001ffd0,0002b150,FUN_0002b150
0001ffd0,FUN_0001ffd0,0002c3fc,FUN_0002c3fc
000204f4,FUN_000204f4,0002dbc4,FUN_0002dbc4
00020710,FUN_00020710,00013ef0,FUN_00013ef0
00020710,FUN_00020710,0002f510,FUN_0002f510
00020710,FUN_00020710,0002dca0,FUN_0002dca0
00020710,FUN_00020710,0002b150,FUN_0002b150
00020710,FUN_00020710,0002f4bc,FUN_0002f4bc
00020860,FUN_00020860,000653ed,FUN_000653ed
000208f8,FUN_000208f8,0002bc30,FUN_0002bc30
000208f8,FUN_000208f8,00013c70,FUN_00013c70
000208f8,FUN_000208f8,0001c500,FUN_0001c500
000208f8,FUN_000208f8,00038b18,FUN_00038b18
000208f8,FUN_000208f8,0004f1e4,FUN_0004f1e4
000208f8,FUN_000208f8,00033904,FUN_00033904
000208f8,FUN_000208f8,0002ae14,FUN_0002ae14
000208f8,FUN_000208f8,0002b150,FUN_0002b150
000208f8,FUN_000208f8,0002baf4,FUN_0002baf4
000208f8,FUN_000208f8,0002c3fc,FUN_0002c3fc
000208f8,FUN_000208f8,0002f198,FUN_0002f198
00020c10,FUN_00020c10,00032968,FUN_00032968
00020c10,FUN_00020c10,000255cc,FUN_000255cc
00020c10,FUN_00020c10,00047370,FUN_00047370
00020c10,FUN_00020c10,00032970,FUN_00032970
00020c10,FUN_00020c10,0001aee0,FUN_0001aee0
00020c10,FUN_00020c10,0001e824,FUN_0001e824
00020c10,FUN_00020c10,0002bf00,FUN_0002bf00
00020c10,FUN_00020c10,0002f9cc,FUN_0002f9cc
00020c10,FUN_00020c10,0005d808,FUN_0005d808
00020c10,FUN_00020c10,000653fc,FUN_000653fc
00020c10,FUN_00020c10,0002f920,FUN_0002f920
00020c10,FUN_00020c10,0004f228,FUN_0004f228
00020c10,FUN_00020c10,0004fbbb,FUN_0004fbbb
00020c10,FUN_00020c10,00029d60,FUN_00029d60
00020c10,FUN_00020c10,00038b70,FUN_00038b70
00020c10,FUN_00020c10,0002d974,FUN_0002d974
00020c10,FUN_00020c10,00010e80,FUN_00010e80
00020c10,FUN_00020c10,0002c8f0,FUN_0002c8f0
00020c10,FUN_00020c10,0002baf4,FUN_0002baf4
00020c10,FUN_00020c10,0001af64,FUN_0001af64
00020c10,FUN_00020c10,00013adc,FUN_00013adc
00020df4,FUN_00020df4,00012750,FUN_00012750
00020df4,FUN_00020df4,00012c70,FUN_00012c70
00020df4,FUN_00020df4,00029b70,FUN_00029b70
00020df4,FUN_00020df4,00049300,FUN_00049300
00020df4,FUN_00020df4,000412a0,FUN_000412a0
00020df4,FUN_00020df4,00034978,FUN_00034978
00020df4,FUN_00020df4,0002c390,FUN_0002c390
00020df4,FUN_00020df4,0002c074,FUN_0002c074
00020df4,FUN_00020df4,00028e98,FUN_00028e98
00020df4,FUN_00020df4,0002baf4,FUN_0002baf4
00020df4,FUN_00020df4,00038730,FUN_00038730
00020e90,FUN_00020e90,00038730,FUN_00038730
00020ef8,FUN_00020ef8,00046670,FUN_00046670
00020ef8,FUN_00020ef8,00038bec,FUN_00038bec
00021458,FUN_00021458,0002bc30,FUN_0002bc30
00021458,FUN_00021458,00033a10,FUN_00033a10
00021458,FUN_00021458,00021f30,FUN_00021f30
00021458,FUN_00021458,0003c16c,FUN_0003c16c
00021458,FUN_00021458,0002ae14,FUN_0002ae14
00021458,FUN_00021458,000188ac,FUN_000188ac
00021458,FUN_00021458,00039834,FUN_00039834
000216ec,FUN_000216ec,0002bc30,FUN_0002bc30
000216ec,FUN_000216ec,0003c4cc,FUN_0003c4cc
000216ec,FUN_000216ec,0003c16c,FUN_0003c16c
000216ec,FUN_000216ec,000188ac,FUN_000188ac
000216ec,FUN_000216ec,0003c148,FUN_0003c148
000216ec,FUN_000216ec,00033950,FUN_00033950
000216ec,FUN_000216ec,0001a570,FUN_0001a570
00021f30,FUN_00021f30,00013244,FUN_00013244
00021f30,FUN_00021f30,0002ae14,FUN_0002ae14
00021f30,FUN_00021f30,0002c3fc,FUN_0002c3fc
00022b28,FUN_00022b28,00013c70,FUN_00013c70
00022b28,FUN_00022b28,0003c16c,FUN_0003c16c
00022b28,FUN_00022b28,0003c148,FUN_0003c148
00022b28,FUN_00022b28,0002c3fc,FUN_0002c3fc
000235c4,FUN_000235c4,00033a10,FUN_00033a10
000235c4,FUN_000235c4,00022b28,FUN_00022b28
000235c4,FUN_000235c4,00033acc,FUN_00033acc
000235c4,FUN_000235c4,00039834,FUN_00039834
0002372c,FUN_0002372c,0002ae14,FUN_0002ae14
00024754,FUN_00024754,0002ae14,FUN_0002ae14
00024754,FUN_00024754,0002c3fc,FUN_0002c3fc
00024754,FUN_00024754,00033950,FUN_00033950
00024754,FUN_00024754,0001a570,FUN_0001a570
000249f0,FUN_000249f0,0001d250,FUN_0001d250
000249f0,FUN_000249f0,0001b084,FUN_0001b084
000249f0,FUN_000249f0,0001c500,FUN_0001c500
000249f0,FUN_000249f0,0001d270,FUN_0001d270
000249f0,FUN_000249f0,000653ed,FUN_000653ed
000249f0,FUN_000249f0,0002f280,FUN_0002f280
000249f0,FUN_000249f0,00065431,FUN_00065431
000249f0,FUN_000249f0,0002f198,FUN_0002f198
000249f0,FUN_000249f0,0002ea78,FUN_0002ea78
00024c5c,FUN_00024c5c,0003bb90,FUN_0003bb90
00024c5c,FUN_00024c5c,0001c500,FUN_0001c500
00024c5c,FUN_00024c5c,00050146,FUN_00050146
00024c5c,FUN_00024c5c,00065431,FUN_00065431
00024c5c,FUN_00024c5c,000186d0,FUN_000186d0
00024c5c,FUN_00024c5c,0004f6e8,FUN_0004f6e8
00024c5c,FUN_00024c5c,0002a690,FUN_0002a690
00024c5c,FUN_00024c5c,0001eeb0,FUN_0001eeb0
00024c5c,FUN_00024c5c,0004f704,FUN_0004f704
00024c5c,FUN_00024c5c,00026f58,FUN_00026f58
00024c5c,FUN_00024c5c,0001d220,FUN_0001d220
00024c5c,FUN_00024c5c,0004f0fc,FUN_0004f0fc
00024c5c,FUN_00024c5c,0004ef8c,FUN_0004ef8c
00024c5c,FUN_00024c5c,00027380,FUN_00027380
00024c5c,FUN_00024c5c,00026254,FUN_00026254
00024c5c,FUN_00024c5c,00028788,FUN_00028788
00024c5c,FUN_00024c5c,00011d04,FUN_00011d04
00024c5c,FUN_00024c5c,00028468,FUN_00028468
00024c5c,FUN_00024c5c,00029638,FUN_00029638
00024c5c,FUN_00024c5c,00020860,FUN_00020860
00024c5c,FUN_00024c5c,00049c78,FUN_00049c78
00024c5c,FUN_00024c5c,000296b8,FUN_000296b8
00024c5c,FUN_00024c5c,000461dc,FUN_000461dc
00024c5c,FUN_00024c5c,000266ac,FUN_000266ac
00024c5c,FUN_00024c5c,00029b70,FUN_00029b70
00024c5c,FUN_00024c5c,0001d1b0,FUN_0001d1b0
00024c5c,FUN_00024c5c,00038990,FUN_00038990
00024c5c,FUN_00024c5c,000249f0,FUN_000249f0
00024c5c,FUN_00024c5c,000257a4,FUN_000257a4
00024c5c,FUN_00024c5c,00047208,FUN_00047208
00024c5c,FUN_00024c5c,0004f9a0,FUN_0004f9a0
00024c5c,FUN_00024c5c,0002ea78,FUN_0002ea78
00024c5c,FUN_00024c5c,0004f644,FUN_0004f644
00024c5c,FUN_00024c5c,0002ca7c,FUN_0002ca7c
00024c5c,FUN_00024c5c,00026a50,FUN_00026a50
00024c5c,FUN_00024c5c,0001d250,FUN_0001d250
00024c5c,FUN_00024c5c,00033f08,FUN_00033f08
00024c5c,FUN_00024c5c,0004f2b0,FUN_0004f2b0
00024c5c,FUN_00024c5c,000438b4,FUN_000438b4
00024c5c,FUN_00024c5c,000208f8,FUN_000208f8
00024c5c,FUN_00024c5c,0005004a,FUN_0005004a
00024c5c,FUN_00024c5c,00026c8c,FUN_00026c8c
00024c5c,FUN_00024c5c,0002ffc4,FUN_0002ffc4
00024c5c,FUN_00024c5c,0004f9c8,FUN_0004f9c8
00024c5c,FUN_00024c5c,0002a31c,FUN_0002a31c
00024c5c,FUN_00024c5c,000282c4,FUN_000282c4
00024c5c,FUN_00024c5c,00041c28,FUN_00041c28
00024c5c,FUN_00024c5c,00012fd8,FUN_00012fd8
00024c5c,FUN_00024c5c,00026540,FUN_00026540
00024c5c,FUN_00024c5c,0002f280,FUN_0002f280
00024c5c,FUN_00024c5c,000299e8,FUN_000299e8
00024c5c,FUN_00024c5c,000424e8,FUN_000424e8
00024c5c,FUN_00024c5c,00028cc8,FUN_00028cc8
00024c5c,FUN_00024c5c,00012d48,FUN_00012d48
00024c5c,FUN_00024c5c,000277c0,FUN_000277c0
00024c5c,FUN_00024c5c,00028bd4,FUN_00028bd4
00024c5c,FUN_00024c5c,00028c38,FUN_00028c38
00024c5c,FUN_00024c5c,00029328,FUN_00029328
00024c5c,FUN_00024c5c,00025ae8,FUN_00025ae8
00024c5c,FUN_00024c5c,0004f24c,FUN_0004f24c
00024c5c,FUN_00024c5c,0001d270,FUN_0001d270
00024c5c,FUN_00024c5c,000274fc,FUN_000274fc
00024c5c,FUN_00024c5c,00028da4,FUN_00028da4
00024c5c,FUN_00024c5c,0001324c,FUN_0001324c
00024c5c,FUN_00024c5c,0002d974,FUN_0002d974
00024c5c,FUN_00024c5c,00025c88,FUN_00025c88
00024c5c,FUN_00024c5c,0004f318,FUN_0004f318
00024c5c,FUN_00024c5c,0002f198,FUN_0002f198
00024c5c,FUN_00024c5c,00027a2c,FUN_00027a2c
000255cc,FUN_000255cc,00038a38,FUN_00038a38
000255cc,FUN_000255cc,0004f4e8,FUN_0004f4e8
000255cc,FUN_000255cc,000501a3,FUN_000501a3
000255cc,FUN_000255cc,00050188,FUN_00050188
000255cc,FUN_000255cc,000292ac,FUN_000292ac
000255cc,FUN_000255cc,0001d540,FUN_0001d540
000255cc,FUN_000255cc,000134c0,FUN_000134c0
000255cc,FUN_000255cc,0001c3fc,FUN_0001c3fc
000255cc,FUN_000255cc,0005d7dc,FUN_0005d7dc
000255cc,FUN_000255cc,00024c5c,FUN_00024c5c
000255cc,FUN_000255cc,0001cf20,FUN_0001cf20
000255cc,FUN_000255cc,000500c4,FUN_000500c4
000255cc,FUN_000255cc,000389c4,FUN_000389c4
000255cc,FUN_000255cc,0001c470,FUN_0001c470
000255cc,FUN_000255cc,00014328,FUN_00014328
000256f4,FUN_000256f4,0002ae14,FUN_0002ae14
000257a4,FUN_000257a4,00046594,FUN_00046594
000257a4,FUN_000257a4,00033c18,FUN_00033c18
000257a4,FUN_000257a4,0004f980,FUN_0004f980
000257a4,FUN_000257a4,00065490,FUN_00065490
000257a4,FUN_000257a4,0002c3fc,FUN_0002c3fc
000257a4,FUN_000257a4,0002baf4,FUN_0002baf4
00025848,FUN_00025848,0005d7dc,FUN_0005d7dc
00025ae8,FUN_00025ae8,0001c500,FUN_0001c500
00025ae8,FUN_00025ae8,0002f510,FUN_0002f510
00025ae8,FUN_00025ae8,0004f1e4,FUN_0004f1e4
00025ae8,FUN_00025ae8,0004246c,FUN_0004246c
00025ae8,FUN_00025ae8,0002c3fc,FUN_0002c3fc
00025ae8,FUN_00025ae8,0002baf4,FUN_0002baf4
00025c1c,FUN_00025c1c,0001d810,FUN_0001d810
00025c1c,FUN_00025c1c,00020ef8,FUN_00020ef8
00025c1c,FUN_00025c1c,00029d60,FUN_00029d60
00025c1c,FUN_00025c1c,0001dc6c,FUN_0001dc6c
00025c1c,FUN_00025c1c,0001d890,FUN_0001d890
00025c88,FUN_00025c88,0001d838,FUN_0001d838
00025c88,FUN_00025c88,00032b4c,FUN_00032b4c
00025c88,FUN_00025c88,0002ae14,FUN_0002ae14
00025c88,FUN_00025c88,0004f37c,FUN_0004f37c
00025c88,FUN_00025c88,000256f4,FUN_000256f4
00025c88,FUN_00025c88,00025c1c,FUN_00025c1c
00025c88,FUN_00025c88,0002b150,FUN_0002b150
00025c88,FUN_00025c88,0002c3fc,FUN_0002c3fc
00025c88,FUN_00025c88,0002f4bc,FUN_0002f4bc
00025c88,FUN_00025c88,00032970,FUN_00032970
00025c88,FUN_00025c88,00032b00,FUN_00032b00
00025c88,FUN_00025c88,0003cb68,FUN_0003cb68
00025fdc,FUN_00025fdc,0002ae14,FUN_0002ae14
00025fdc,FUN_00025fdc,00041310,FUN_00041310
0002604c,FUN_0002604c,0002ae14,FUN_0002ae14
0002604c,FUN_0002604c,00041310,FUN_00041310
00026254,FUN_00026254,0001958c,FUN_0001958c
00026254,FUN_00026254,00027fa8,FUN_00027fa8
00026254,FUN_00026254,00019068,FUN_00019068
00026254,FUN_00026254,0003c5cc,FUN_0003c5cc
00026254,FUN_00026254,00017fa0,FUN_00017fa0
00026254,FUN_00026254,0003cb68,FUN_0003cb68
00026254,FUN_00026254,0001da08,FUN_0001da08
00026254,FUN_00026254,0001975c,FUN_0001975c
00026254,FUN_00026254,00012da8,FUN_00012da8
00026254,FUN_00026254,00016d58,FUN_00016d58
00026254,FUN_00026254,00035658,FUN_00035658
00026254,FUN_00026254,0001282c,FUN_0001282c
00026254,FUN_00026254,0004e11c,FUN_0004e11c
00026254,FUN_00026254,00017580,FUN_00017580
00026254,FUN_00026254,00049c78,FUN_00049c78
000263f4,FUN_000263f4,0001958c,FUN_0001958c
000263f4,FUN_000263f4,0001975c,FUN_0001975c
000263f4,FUN_000263f4,00012da8,FUN_00012da8
000263f4,FUN_000263f4,00016d58,FUN_00016d58
000263f4,FUN_000263f4,00035658,FUN_00035658
000263f4,FUN_000263f4,0001282c,FUN_0001282c
000263f4,FUN_000263f4,00017580,FUN_00017580
000263f4,FUN_000263f4,00019068,FUN_00019068
000263f4,FUN_000263f4,00049c78,FUN_00049c78
000263f4,FUN_000263f4,0003c5cc,FUN_0003c5cc
000263f4,FUN_000263f4,00017fa0,FUN_00017fa0
000263f4,FUN_000263f4,0003cb68,FUN_0003cb68
00026540,FUN_00026540,0001958c,FUN_0001958c
00026540,FUN_00026540,00027fa8,FUN_00027fa8
00026540,FUN_00026540,00019068,FUN_00019068
00026540,FUN_00026540,0004bf18,FUN_0004bf18
00026540,FUN_00026540,0003c5cc,FUN_0003c5cc
00026540,FUN_00026540,00017fa0,FUN_00017fa0
00026540,FUN_00026540,0003cb68,FUN_0003cb68
00026540,FUN_00026540,0001da08,FUN_0001da08
00026540,FUN_00026540,0001975c,FUN_0001975c
00026540,FUN_00026540,00012da8,FUN_00012da8
00026540,FUN_00026540,00016d58,FUN_00016d58
00026540,FUN_00026540,00035658,FUN_00035658
00026540,FUN_00026540,0001282c,FUN_0001282c
00026540,FUN_00026540,00017580,FUN_00017580
000266ac,FUN_000266ac,0001c500,FUN_0001c500
000266ac,FUN_000266ac,0002f388,FUN_0002f388
000266ac,FUN_000266ac,0002f4d0,FUN_0002f4d0
000266ac,FUN_000266ac,00019068,FUN_00019068
000266ac,FUN_000266ac,0003c5cc,FUN_0003c5cc
000266ac,FUN_000266ac,00017fa0,FUN_00017fa0
000266ac,FUN_000266ac,0003cb68,FUN_0003cb68
000266ac,FUN_000266ac,0001da08,FUN_0001da08
000266ac,FUN_000266ac,00016d58,FUN_00016d58
000266ac,FUN_000266ac,0001282c,FUN_0001282c
000266ac,FUN_000266ac,000384f8,FUN_000384f8
000266ac,FUN_000266ac,0004e67c,FUN_0004e67c
000266ac,FUN_000266ac,0002f198,FUN_0002f198
00026a50,FUN_00026a50,0001c500,FUN_0001c500
00026a50,FUN_00026a50,00020ef8,FUN_00020ef8
00026a50,FUN_00026a50,0002ae14,FUN_0002ae14
00026a50,FUN_00026a50,0001dae8,FUN_0001dae8
00026a50,FUN_00026a50,00029d60,FUN_00029d60
00026a50,FUN_00026a50,0002b150,FUN_0002b150
00026a50,FUN_00026a50,0002c3fc,FUN_0002c3fc
00026a50,FUN_00026a50,0002f4bc,FUN_0002f4bc
00026a50,FUN_00026a50,0002f198,FUN_0002f198
00026a50,FUN_00026a50,00032970,FUN_00032970
00026c8c,FUN_00026c8c,00026d4c,FUN_00026d4c
00026c8c,FUN_00026c8c,00012da8,FUN_00012da8
00026c8c,FUN_00026c8c,000128d4,FUN_000128d4
00026c8c,FUN_00026c8c,00016d58,FUN_00016d58
00026c8c,FUN_00026c8c,00035658,FUN_00035658
00026c8c,FUN_00026c8c,0004d2d0,FUN_0004d2d0
00026c8c,FUN_00026c8c,0003c5cc,FUN_0003c5cc
00026c8c,FUN_00026c8c,00017fa0,FUN_00017fa0
00026c8c,FUN_00026c8c,0003cb68,FUN_0003cb68
00026d4c,FUN_00026d4c,0001c500,FUN_0001c500
00026d4c,FUN_00026d4c,0002f510,FUN_0002f510
00026d4c,FUN_00026d4c,0002f388,FUN_0002f388
00026d4c,FUN_00026d4c,0002ae14,FUN_0002ae14
00026d4c,FUN_00026d4c,0002f434,FUN_0002f434
00026d4c,FUN_00026d4c,0002c3fc,FUN_0002c3fc
00026d4c,FUN_00026d4c,0002c2b0,FUN_0002c2b0
00026d4c,FUN_00026d4c,0002f198,FUN_0002f198
00026d4c,FUN_00026d4c,00032970,FUN_00032970
00026d4c,FUN_00026d4c,00065546,FUN_00065546
00026f58,FUN_00026f58,0002716c,FUN_0002716c
00026f58,FUN_00026f58,00012da8,FUN_00012da8
00026f58,FUN_00026f58,00016d58,FUN_00016d58
00026f58,FUN_00026f58,00035658,FUN_00035658
00026f58,FUN_00026f58,0004d2d0,FUN_0004d2d0
00026f58,FUN_00026f58,00032a3c,FUN_00032a3c
00026f58,FUN_00026f58,0004660c,FUN_0004660c
00026f58,FUN_00026f58,0002dae4,FUN_0002dae4
00026f58,FUN_00026f58,0003c5cc,FUN_0003c5cc
00026f58,FUN_00026f58,00017fa0,FUN_00017fa0
00026f58,FUN_00026f58,0003cb68,FUN_0003cb68
0002716c,FUN_0002716c,00033c18,FUN_00033c18
0002716c,FUN_0002716c,0005d7dc,FUN_0005d7dc
000271e0,FUN_000271e0,0002716c,FUN_0002716c
000271e0,FUN_000271e0,0004660c,FUN_0004660c
00027254,FUN_00027254,0003c16c,FUN_0003c16c
00027254,FUN_00027254,00033acc,FUN_00033acc
00027254,FUN_00027254,0003c148,FUN_0003c148
000272dc,FUN_000272dc,00027254,FUN_00027254
000272dc,FUN_000272dc,000278b0,FUN_000278b0
000272dc,FUN_000272dc,0002c3fc,FUN_0002c3fc
00027380,FUN_00027380,0001da08,FUN_0001da08
00027380,FUN_00027380,0001958c,FUN_0001958c
00027380,FUN_00027380,0001975c,FUN_0001975c
00027380,FUN_00027380,00012da8,FUN_00012da8
00027380,FUN_00027380,000272dc,FUN_000272dc
00027380,FUN_00027380,00016d58,FUN_00016d58
00027380,FUN_00027380,00035658,FUN_00035658
00027380,FUN_00027380,00017580,FUN_00017580
00027380,FUN_00027380,00019068,FUN_00019068
00027380,FUN_00027380,0003c5cc,FUN_0003c5cc
00027380,FUN_00027380,00017fa0,FUN_00017fa0
00027380,FUN_00027380,0003cb68,FUN_0003cb68
000274fc,FUN_000274fc,00033c18,FUN_00033c18
000274fc,FUN_000274fc,0001c500,FUN_0001c500
000274fc,FUN_000274fc,0001d838,FUN_0001d838
000274fc,FUN_000274fc,00046534,FUN_00046534
000274fc,FUN_000274fc,00019068,FUN_00019068
000274fc,FUN_000274fc,0001d764,FUN_0001d764
000274fc,FUN_000274fc,00028130,FUN_00028130
000274fc,FUN_000274fc,0002c2b0,FUN_0002c2b0
000274fc,FUN_000274fc,0003c5cc,FUN_0003c5cc
000274fc,FUN_000274fc,0002716c,FUN_0002716c
000274fc,FUN_000274fc,00012da8,FUN_00012da8
000274fc,FUN_000274fc,00016d58,FUN_00016d58
000274fc,FUN_000274fc,00035658,FUN_00035658
000274fc,FUN_000274fc,0002ae14,FUN_0002ae14
000274fc,FUN_000274fc,00041310,FUN_00041310
000274fc,FUN_000274fc,0002b150,FUN_0002b150
000274fc,FUN_000274fc,0002c3fc,FUN_0002c3fc
000274fc,FUN_000274fc,0002f198,FUN_0002f198
000274fc,FUN_000274fc,0004dbec,FUN_0004dbec
000277c0,FUN_000277c0,00032b94,FUN_00032b94
000277c0,FUN_000277c0,00012da8,FUN_00012da8
000277c0,FUN_000277c0,00035658,FUN_00035658
000277c0,FUN_000277c0,00032a3c,FUN_00032a3c
000277c0,FUN_000277c0,0004def4,FUN_0004def4
000277c0,FUN_000277c0,00041310,FUN_00041310
000277c0,FUN_000277c0,0002c3fc,FUN_0002c3fc
000277c0,FUN_000277c0,00032970,FUN_00032970
000278b0,FUN_000278b0,0001c500,FUN_0001c500
000278b0,FUN_000278b0,0002f434,FUN_0002f434
000278b0,FUN_000278b0,0002f198,FUN_0002f198
0002791c,FUN_0002791c,00033b00,FUN_00033b00
0002791c,FUN_0002791c,0001c500,FUN_0001c500
0002791c,FUN_0002791c,0002f388,FUN_0002f388
0002791c,FUN_0002791c,00046534,FUN_00046534
0002791c,FUN_0002791c,0001d764,FUN_0001d764
0002791c,FUN_0002791c,0002c088,FUN_0002c088
00027a2c,FUN_00027a2c,0004f778,FUN_0004f778
00027a2c,FUN_00027a2c,0002c0f4,FUN_0002c0f4
00027a2c,FUN_00027a2c,0002c1d4,FUN_0002c1d4
00027a2c,FUN_00027a2c,00029b74,FUN_00029b74
00027a2c,FUN_00027a2c,0002c060,FUN_0002c060
00027a2c,FUN_00027a2c,0002791c,FUN_0002791c
00027a2c,FUN_00027a2c,0002f434,FUN_0002f434
00027a2c,FUN_00027a2c,00042f60,FUN_00042f60
00027a2c,FUN_00027a2c,00041310,FUN_00041310
00027a2c,FUN_00027a2c,00029d60,FUN_00029d60
00027a2c,FUN_00027a2c,0002dae4,FUN_0002dae4
00027a2c,FUN_00027a2c,0002c3fc,FUN_0002c3fc
00027c48,FUN_00027c48,0002604c,FUN_0002604c
00027c48,FUN_00027c48,00025fdc,FUN_00025fdc
00027c48,FUN_00027c48,000256f4,FUN_000256f4
00027c48,FUN_00027c48,00027ba4,FUN_00027ba4
00027dc8,FUN_00027dc8,0004651c,FUN_0004651c
00027dc8,FUN_00027dc8,00032b4c,FUN_00032b4c
00027dc8,FUN_00027dc8,00046534,FUN_00046534
00027dc8,FUN_00027dc8,0002b150,FUN_0002b150
00027dc8,FUN_00027dc8,0004f728,FUN_0004f728
00027dc8,FUN_00027dc8,0002c2b0,FUN_0002c2b0
00027dc8,FUN_00027dc8,00032970,FUN_00032970
00027dc8,FUN_00027dc8,00032bb0,FUN_00032bb0
00027ed8,FUN_00027ed8,0002ae14,FUN_0002ae14
00027ed8,FUN_00027ed8,00019820,FUN_00019820
00027ed8,FUN_00027ed8,0001d764,FUN_0001d764
00027ed8,FUN_00027ed8,0002dae4,FUN_0002dae4
00027fa8,FUN_00027fa8,00027c48,FUN_00027c48
00027fa8,FUN_00027fa8,00027ed8,FUN_00027ed8
00027fa8,FUN_00027fa8,00027dc8,FUN_00027dc8
00027fa8,FUN_00027fa8,00039ff4,FUN_00039ff4
00027fa8,FUN_00027fa8,0002c3fc,FUN_0002c3fc
00028130,FUN_00028130,0001c500,FUN_0001c500
00028130,FUN_00028130,0002f510,FUN_0002f510
00028130,FUN_00028130,0002c3fc,FUN_0002c3fc
000282c4,FUN_000282c4,00012da8,FUN_00012da8
000282c4,FUN_000282c4,00035658,FUN_00035658
000282c4,FUN_000282c4,00019068,FUN_00019068
000282c4,FUN_000282c4,00049c78,FUN_00049c78
000282c4,FUN_000282c4,0003cb68,FUN_0003cb68
00028468,FUN_00028468,0001958c,FUN_0001958c
00028468,FUN_00028468,00012da8,FUN_00012da8
00028468,FUN_00028468,00016d58,FUN_00016d58
00028468,FUN_00028468,00035658,FUN_00035658
00028468,FUN_00028468,0004a708,FUN_0004a708
00028468,FUN_00028468,00017580,FUN_00017580
00028468,FUN_00028468,00019068,FUN_00019068
00028468,FUN_00028468,00049c78,FUN_00049c78
00028468,FUN_00028468,00028130,FUN_00028130
00028468,FUN_00028468,0003c5cc,FUN_0003c5cc
00028468,FUN_00028468,00017fa0,FUN_00017fa0
00028468,FUN_00028468,0003cb68,FUN_0003cb68
000286bc,FUN_000286bc,00046534,FUN_00046534
000286bc,FUN_000286bc,0004660c,FUN_0004660c
00028788,FUN_00028788,0001958c,FUN_0001958c
00028788,FUN_00028788,0004246c,FUN_0004246c
00028788,FUN_00028788,00032bac,FUN_00032bac
00028788,FUN_00028788,00019068,FUN_00019068
00028788,FUN_00028788,000286bc,FUN_000286bc
00028788,FUN_00028788,00028130,FUN_00028130
00028788,FUN_00028788,00032b00,FUN_00032b00
00028788,FUN_00028788,0003c5cc,FUN_0003c5cc
00028788,FUN_00028788,00017fa0,FUN_00017fa0
00028788,FUN_00028788,0003cb68,FUN_0003cb68
00028788,FUN_00028788,00012da8,FUN_00012da8
00028788,FUN_00028788,00016d58,FUN_00016d58
00028788,FUN_00028788,00035658,FUN_00035658
00028788,FUN_00028788,00032a3c,FUN_00032a3c
00028788,FUN_00028788,0004a708,FUN_0004a708
00028788,FUN_00028788,00017580,FUN_00017580
00028788,FUN_00028788,00049c78,FUN_00049c78
00028bd4,FUN_00028bd4,00012da8,FUN_00012da8
00028bd4,FUN_00028bd4,00035658,FUN_00035658
00028bd4,FUN_00028bd4,00019068,FUN_00019068
00028bd4,FUN_00028bd4,00049c78,FUN_00049c78
00028bd4,FUN_00028bd4,0002c3fc,FUN_0002c3fc
00028c38,FUN_00028c38,000392a0,FUN_000392a0
00028cc8,FUN_00028cc8,0002c060,FUN_0002c060
00028cc8,FUN_00028cc8,0002c178,FUN_0002c178
00028cc8,FUN_00028cc8,0002c1c8,FUN_0002c1c8
00028cc8,FUN_00028cc8,0002c2b0,FUN_0002c2b0
00028cc8,FUN_00028cc8,0002ca7c,FUN_0002ca7c
00028da4,FUN_00028da4,0004651c,FUN_0004651c
00028da4,FUN_00028da4,00033c18,FUN_00033c18
00028da4,FUN_00028da4,0001c500,FUN_0001c500
00028da4,FUN_00028da4,0002f510,FUN_0002f510
00028da4,FUN_00028da4,0002dae4,FUN_0002dae4
00028da4,FUN_00028da4,0002c3fc,FUN_0002c3fc
00028da4,FUN_00028da4,00032970,FUN_00032970
00028da4,FUN_00028da4,00032b00,FUN_00032b00
00028e98,FUN_00028e98,000249c0,FUN_000249c0
000292ac,FUN_000292ac,0005d812,FUN_0005d812
000292ac,FUN_000292ac,0004f7f4,FUN_0004f7f4
000292d4,FUN_000292d4,00033c18,FUN_00033c18
00029328,FUN_00029328,0002ae14,FUN_0002ae14
00029328,FUN_00029328,0004f37c,FUN_0004f37c
00029328,FUN_00029328,000256f4,FUN_000256f4
00029328,FUN_00029328,00025c1c,FUN_00025c1c
00029328,FUN_00029328,0002b150,FUN_0002b150
00029328,FUN_00029328,0002c3fc,FUN_0002c3fc
00029328,FUN_00029328,0002f4bc,FUN_0002f4bc
00029328,FUN_00029328,00032970,FUN_00032970
00029328,FUN_00029328,0003cb68,FUN_0003cb68
00029638,FUN_00029638,00012da8,FUN_00012da8
00029638,FUN_00029638,00035658,FUN_00035658
00029638,FUN_00029638,0004def4,FUN_0004def4
00029638,FUN_00029638,0002c3fc,FUN_0002c3fc
000296b8,FUN_000296b8,000292d4,FUN_000292d4
000296b8,FUN_000296b8,0001c500,FUN_0001c500
000296b8,FUN_000296b8,00046534,FUN_00046534
000296b8,FUN_000296b8,00019068,FUN_00019068
000296b8,FUN_000296b8,00028130,FUN_00028130
000296b8,FUN_000296b8,0003c5cc,FUN_0003c5cc
000296b8,FUN_000296b8,00033c18,FUN_00033c18
000296b8,FUN_000296b8,0001d764,FUN_0001d764
000296b8,FUN_000296b8,00012da8,FUN_00012da8
000296b8,FUN_000296b8,00016d58,FUN_00016d58
000296b8,FUN_000296b8,00035658,FUN_00035658
000296b8,FUN_000296b8,0001d838,FUN_0001d838
000296b8,FUN_000296b8,0002b150,FUN_0002b150
000296b8,FUN_000296b8,0002c3fc,FUN_0002c3fc
000296b8,FUN_000296b8,0002f198,FUN_0002f198
000296b8,FUN_000296b8,0004dbec,FUN_0004dbec
00029970,FUN_00029970,0002c3fc,FUN_0002c3fc
00029970,FUN_00029970,00027c48,FUN_00027c48
000299e8,FUN_000299e8,0001958c,FUN_0001958c
000299e8,FUN_000299e8,0003cb68,FUN_0003cb68
000299e8,FUN_000299e8,00012da8,FUN_00012da8
000299e8,FUN_000299e8,00016d58,FUN_00016d58
000299e8,FUN_000299e8,00035658,FUN_00035658
000299e8,FUN_000299e8,00017fa0,FUN_00017fa0
000299e8,FUN_000299e8,00017580,FUN_00017580
000299e8,FUN_000299e8,0001da08,FUN_0001da08
000299e8,FUN_000299e8,00019068,FUN_00019068
000299e8,FUN_000299e8,0001975c,FUN_0001975c
000299e8,FUN_000299e8,00029970,FUN_00029970
000299e8,FUN_000299e8,0003c5cc,FUN_0003c5cc
00029b74,FUN_00029b74,00013df0,FUN_00013df0
00029b74,FUN_00029b74,00033904,FUN_00033904
00029b74,FUN_00029b74,00013d4c,FUN_00013d4c
00029bc8,FUN_00029bc8,0002a17c,FUN_0002a17c
0002a17c,FUN_0002a17c,00033864,FUN_00033864
0002a17c,FUN_0002a17c,00033754,FUN_00033754
0002a1fc,FUN_0002a1fc,0002aa70,FUN_0002aa70
0002a1fc,FUN_0002a1fc,0002a820,FUN_0002a820
0002a1fc,FUN_0002a1fc,0002a39c,FUN_0002a39c
0002a1fc,FUN_0002a1fc,0002ad40,FUN_0002ad40
0002a1fc,FUN_0002a1fc,0002a4fc,FUN_0002a4fc
0002a31c,FUN_0002a31c,0002a1fc,FUN_0002a1fc
0002a39c,FUN_0002a39c,0002a408,FUN_0002a408
0002a408,FUN_0002a408,00029f34,FUN_00029f34
0002a4fc,FUN_0002a4fc,0002b150,FUN_0002b150
0002a690,FUN_0002a690,0002a620,FUN_0002a620
0002a820,FUN_0002a820,0002a690,FUN_0002a690
0002a820,FUN_0002a820,0002b150,FUN_0002b150
0002aa70,FUN_0002aa70,0002aa70,FUN_0002aa70
0002aa70,FUN_0002aa70,00029f34,FUN_00029f34
0002aa70,FUN_0002aa70,0002b2a0,FUN_0002b2a0
0002aa70,FUN_0002aa70,0002a39c,FUN_0002a39c
0002ac80,FUN_0002ac80,0002ea30,FUN_0002ea30
0002ac80,FUN_0002ac80,000249b0,FUN_000249b0
0002ac80,FUN_0002ac80,000249d0,FUN_000249d0
0002ac80,FUN_0002ac80,000249c0,FUN_000249c0
0002ad40,FUN_0002ad40,0002ea30,FUN_0002ea30
0002ad40,FUN_0002ad40,000249b0,FUN_000249b0
0002ad40,FUN_0002ad40,0002b150,FUN_0002b150
0002ad40,FUN_0002ad40,000249d0,FUN_000249d0
0002ae14,FUN_0002ae14,0002a408,FUN_0002a408
0002ae14,FUN_0002ae14,0001c3a0,FUN_0001c3a0
0002ae14,FUN_0002ae14,0002a820,FUN_0002a820
0002ae14,FUN_0002ae14,0002ac80,FUN_0002ac80
0002ae14,FUN_0002ae14,0002b2a0,FUN_0002b2a0
0002ae14,FUN_0002ae14,00033754,FUN_00033754
0002ae14,FUN_0002ae14,0002a620,FUN_0002a620
0002ae14,FUN_0002ae14,0001c390,FUN_0001c390
0002b150,FUN_0002b150,00033864,FUN_00033864
0002b150,FUN_0002b150,0001c3d0,FUN_0001c3d0
0002b150,FUN_0002b150,0001c458,FUN_0001c458
0002b2a0,FUN_0002b2a0,0002b8f8,FUN_0002b8f8
0002b2a0,FUN_0002b2a0,0002ae14,FUN_0002ae14
0002b2a0,FUN_0002b2a0,0002ea64,FUN_0002ea64
0002b2a0,FUN_0002b2a0,0002b150,FUN_0002b150
0002b2a0,FUN_0002b2a0,0005d7dc,FUN_0005d7dc
0002b2a0,FUN_0002b2a0,0002c3fc,FUN_0002c3fc
0002b2a0,FUN_0002b2a0,00029db8,FUN_00029db8
0002b8f8,FUN_0002b8f8,00029f34,FUN_00029f34
0002baf4,FUN_0002baf4,00013df0,FUN_00013df0
0002baf4,FUN_0002baf4,0004f228,FUN_0004f228
0002baf4,FUN_0002baf4,00052106,FUN_00052106
0002baf4,FUN_0002baf4,0002ea30,FUN_0002ea30
0002baf4,FUN_0002baf4,0001c350,FUN_0001c350
0002baf4,FUN_0002baf4,0002f920,FUN_0002f920
0002baf4,FUN_0002baf4,00061a70,FUN_00061a70
0002baf4,FUN_0002baf4,000249c0,FUN_000249c0
0002baf4,FUN_0002baf4,00013adc,FUN_00013adc
0002baf4,FUN_0002baf4,000336c0,FUN_000336c0
0002baf4,FUN_0002baf4,00038b70,FUN_00038b70
0002bc30,FUN_0002bc30,0002a408,FUN_0002a408
0002bc30,FUN_0002bc30,0002b2a0,FUN_0002b2a0
0002bcf4,FUN_0002bcf4,0002a408,FUN_0002a408
0002bd44,FUN_0002bd44,0002a408,FUN_0002a408
0002bd44,FUN_0002bd44,0002b150,FUN_0002b150
0002be5c,FUN_0002be5c,0002a620,FUN_0002a620
0002bf08,FUN_0002bf08,0002f4bc,FUN_0002f4bc
0002bf08,FUN_0002bf08,0001c500,FUN_0001c500
0002bf08,FUN_0002bf08,0002caa8,FUN_0002caa8
0002bf08,FUN_0002bf08,0002f198,FUN_0002f198
0002bf08,FUN_0002bf08,0002f280,FUN_0002f280
0002bf08,FUN_0002bf08,00065546,FUN_00065546
0002c060,FUN_0002c060,0002ca2c,FUN_0002ca2c
0002c060,FUN_0002c060,0002caa8,FUN_0002caa8
0002c088,FUN_0002c088,0001c500,FUN_0001c500
0002c088,FUN_0002c088,0002b150,FUN_0002b150
0002c088,FUN_0002c088,0002f280,FUN_0002f280
0002c0f4,FUN_0002c0f4,0002ae14,FUN_0002ae14
0002c0f4,FUN_0002c0f4,0002c088,FUN_0002c088
0002c0f4,FUN_0002c0f4,0001c500,FUN_0001c500
0002c0f4,FUN_0002c0f4,0002f198,FUN_0002f198
0002c178,FUN_0002c178,0002c0f4,FUN_0002c0f4
0002c1c8,FUN_0002c1c8,0002f388,FUN_0002f388
0002c1d4,FUN_0002c1d4,0001c500,FUN_0001c500
0002c1d4,FUN_0002c1d4,0002f198,FUN_0002f198
0002c2b0,FUN_0002c2b0,0002c088,FUN_0002c088
0002c2b0,FUN_0002c2b0,0002f388,FUN_0002f388
0002c304,FUN_0002c304,0002d974,FUN_0002d974
0002c320,FUN_0002c320,0002ae14,FUN_0002ae14
0002c390,FUN_0002c390,000249c0,FUN_000249c0
0002c3fc,FUN_0002c3fc,0001ca6c,FUN_0001ca6c
0002c3fc,FUN_0002c3fc,0001ce04,FUN_0001ce04
0002c3fc,FUN_0002c3fc,0001cc28,FUN_0001cc28
0002c3fc,FUN_0002c3fc,0001ce70,FUN_0001ce70
0002c3fc,FUN_0002c3fc,0001d244,FUN_0001d244
0002c3fc,FUN_0002c3fc,0001d238,FUN_0001d238
0002c3fc,FUN_0002c3fc,0001ca14,FUN_0001ca14
0002c3fc,FUN_0002c3fc,0001cd9c,FUN_0001cd9c
0002c8f0,FUN_0002c8f0,0001cab8,FUN_0001cab8
0002c8f0,FUN_0002c8f0,0001ced4,FUN_0001ced4
0002c8f0,FUN_0002c8f0,0002d974,FUN_0002d974
0002c9b8,FUN_0002c9b8,0002c3fc,FUN_0002c3fc
0002cadc,FUN_0002cadc,0002da0c,FUN_0002da0c
0002cadc,FUN_0002cadc,0001ae20,FUN_0001ae20
0002cadc,FUN_0002cadc,0002f198,FUN_0002f198
0002cadc,FUN_0002cadc,0002ea78,FUN_0002ea78
0002cadc,FUN_0002cadc,0002f280,FUN_0002f280
0002cadc,FUN_0002cadc,0002ccd0,FUN_0002ccd0
0002cadc,FUN_0002cadc,0002d974,FUN_0002d974
0002d498,FUN_0002d498,0002ea68,FUN_0002ea68
0002d4ec,FUN_0002d4ec,0002d498,FUN_0002d498
0002d4ec,FUN_0002d4ec,0002ea68,FUN_0002ea68
0002d4ec,FUN_0002d4ec,00061a70,FUN_00061a70
0002d4ec,FUN_0002d4ec,0002d4b4,FUN_0002d4b4
0002d638,FUN_0002d638,0002e990,FUN_0002e990
0002d638,FUN_0002d638,00061a70,FUN_00061a70
0002d6f8,FUN_0002d6f8,0002df8c,FUN_0002df8c
0002d6f8,FUN_0002d6f8,0002d638,FUN_0002d638
0002d6f8,FUN_0002d6f8,0002de98,FUN_0002de98
0002d6f8,FUN_0002d6f8,0002e990,FUN_0002e990
0002d6f8,FUN_0002d6f8,0002cadc,FUN_0002cadc
0002d6f8,FUN_0002d6f8,00061a70,FUN_00061a70
0002d6f8,FUN_0002d6f8,0002d4b4,FUN_0002d4b4
0002d6f8,FUN_0002d6f8,0002dae4,FUN_0002dae4
0002d6f8,FUN_0002d6f8,0002d4ec,FUN_0002d4ec
0002d6f8,FUN_0002d6f8,0002d974,FUN_0002d974
0002da0c,FUN_0002da0c,0002d4ec,FUN_0002d4ec
0002dae4,FUN_0002dae4,0002da0c,FUN_0002da0c
0002dae4,FUN_0002dae4,0002d4b4,FUN_0002d4b4
0002dae4,FUN_0002dae4,0002d974,FUN_0002d974
0002dbc4,FUN_0002dbc4,0002db58,FUN_0002db58
0002dca0,FUN_0002dca0,0002db58,FUN_0002db58
0002dca0,FUN_0002dca0,000653a1,FUN_000653a1
0002dca0,FUN_0002dca0,0002d4ec,FUN_0002d4ec
0002dde4,FUN_0002dde4,0002db58,FUN_0002db58
0002de98,FUN_0002de98,0002db58,FUN_0002db58
0002de98,FUN_0002de98,0002e990,FUN_0002e990
0002de98,FUN_0002de98,0002ea68,FUN_0002ea68
0002de98,FUN_0002de98,00061a70,FUN_00061a70
0002de98,FUN_0002de98,0002d4ec,FUN_0002d4ec
0002df8c,FUN_0002df8c,0002e990,FUN_0002e990
0002df8c,FUN_0002df8c,00061a70,FUN_00061a70
0002df8c,FUN_0002df8c,0002d4ec,FUN_0002d4ec
0002e034,FUN_0002e034,0002d4ec,FUN_0002d4ec
0002e0a4,FUN_0002e0a4,0002d4ec,FUN_0002d4ec
0002e180,FUN_0002e180,0002e034,FUN_0002e034
0002e180,FUN_0002e180,0002e0a4,FUN_0002e0a4
0002e934,FUN_0002e934,0002e180,FUN_0002e180
0002e990,FUN_0002e990,00061a70,FUN_00061a70
0002ea68,FUN_0002ea68,00062003,FUN_00062003
0002ea78,FUN_0002ea78,0001c470,FUN_0001c470
0002ea78,FUN_0002ea78,0001c3fc,FUN_0001c3fc
0002ea78,FUN_0002ea78,000500bb,FUN_000500bb
0002ea78,FUN_0002ea78,000655ff,FUN_000655ff
0002ea78,FUN_0002ea78,000501a3,FUN_000501a3
0002ea78,FUN_0002ea78,000500c4,FUN_000500c4
0002ea78,FUN_0002ea78,0005004a,FUN_0005004a
0002ea78,FUN_0002ea78,00050188,FUN_00050188
0002ea78,FUN_0002ea78,0001cf20,FUN_0001cf20
0002ea78,FUN_0002ea78,00014328,FUN_00014328
0002ea78,FUN_0002ea78,0002a31c,FUN_0002a31c
0002eb80,FUN_0002eb80,00065431,FUN_00065431
0002eb80,FUN_0002eb80,000500bb,FUN_000500bb
0002ebf0,FUN_0002ebf0,0002eb80,FUN_0002eb80
0002ede0,FUN_0002ede0,000500bb,FUN_000500bb
0002ede0,FUN_0002ede0,00050161,FUN_00050161
0002ede0,FUN_0002ede0,0002ebf0,FUN_0002ebf0
0002eec8,FUN_0002eec8,000500bb,FUN_000500bb
0002eec8,FUN_0002eec8,00050161,FUN_00050161
0002eec8,FUN_0002eec8,0002ebf0,FUN_0002ebf0
0002ef24,FUN_0002ef24,00065546,FUN_00065546
0002efd4,FUN_0002efd4,0002ef24,FUN_0002ef24
0002efd4,FUN_0002efd4,00061a70,FUN_00061a70
0002f174,FUN_0002f174,0002f5a0,FUN_0002f5a0
0002f198,FUN_0002f198,0002f830,FUN_0002f830
0002f198,FUN_0002f198,0002f0f0,FUN_0002f0f0
0002f20c,FUN_0002f20c,0002f830,FUN_0002f830
0002f20c,FUN_0002f20c,0002f0f0,FUN_0002f0f0
0002f280,FUN_0002f280,0002ad40,FUN_0002ad40
0002f280,FUN_0002f280,0002f0f0,FUN_0002f0f0
0002f314,FUN_0002f314,0002ad40,FUN_0002ad40
0002f388,FUN_0002f388,0002ad40,FUN_0002ad40
0002f41c,FUN_0002f41c,0002f198,FUN_0002f198
0002f434,FUN_0002f434,0002efd4,FUN_0002efd4
0002f434,FUN_0002f434,0002f198,FUN_0002f198
0002f464,FUN_0002f464,0002efd4,FUN_0002efd4
0002f464,FUN_0002f464,0002f198,FUN_0002f198
0002f4bc,FUN_0002f4bc,0002f198,FUN_0002f198
0002f4d0,FUN_0002f4d0,0002efd4,FUN_0002efd4
0002f4d0,FUN_0002f4d0,0002f198,FUN_0002f198
0002f510,FUN_0002f510,0002f198,FUN_0002f198
0002f528,FUN_0002f528,0002efd4,FUN_0002efd4
0002f528,FUN_0002f528,0002f198,FUN_0002f198
0002f5a0,FUN_0002f5a0,0002ae14,FUN_0002ae14
0002f5a0,FUN_0002f5a0,0002ad40,FUN_0002ad40
0002f830,FUN_0002f830,0002f0f0,FUN_0002f0f0
0002f830,FUN_0002f830,0002f5a0,FUN_0002f5a0
0002f830,FUN_0002f830,0002f280,FUN_0002f280
0002f920,FUN_0002f920,00061a70,FUN_00061a70
0002f940,FUN_0002f940,0002f41c,FUN_0002f41c
0002f940,FUN_0002f940,0002f198,FUN_0002f198
0002f9cc,FUN_0002f9cc,0002baf4,FUN_0002baf4
0002f9cc,FUN_0002f9cc,0002d6f8,FUN_0002d6f8
0002f9cc,FUN_0002f9cc,0004f1e4,FUN_0004f1e4
0002f9cc,FUN_0002f9cc,0002c9b8,FUN_0002c9b8
0002f9cc,FUN_0002f9cc,0001afe8,FUN_0001afe8
0002f9cc,FUN_0002f9cc,0002c8f0,FUN_0002c8f0
0002f9cc,FUN_0002f9cc,0004f1d0,FUN_0004f1d0
0002f9cc,FUN_0002f9cc,00038b18,FUN_00038b18
0002f9cc,FUN_0002f9cc,00013adc,FUN_00013adc
0002f9cc,FUN_0002f9cc,0002d974,FUN_0002d974
0002fa40,FUN_0002fa40,0002fe84,FUN_0002fe84
0002fa40,FUN_0002fa40,0002ede0,FUN_0002ede0
0002fa40,FUN_0002fa40,0001c500,FUN_0001c500
0002fa40,FUN_0002fa40,0002ea64,FUN_0002ea64
0002fa40,FUN_0002fa40,0002ea74,FUN_0002ea74
0002fa40,FUN_0002fa40,0002fe40,FUN_0002fe40
0002fa40,FUN_0002fa40,0002ea68,FUN_0002ea68
0002fa40,FUN_0002fa40,0002c3fc,FUN_0002c3fc
0002fa40,FUN_0002fa40,0002f280,FUN_0002f280
0002fa40,FUN_0002fa40,0002f198,FUN_0002f198
0002fa40,FUN_0002fa40,000305fc,FUN_000305fc
0002fe40,FUN_0002fe40,0001c500,FUN_0001c500
0002fe84,FUN_0002fe84,0002baf4,FUN_0002baf4
0002fe84,FUN_0002fe84,0004f1e4,FUN_0004f1e4
0002fe84,FUN_0002fe84,0001c500,FUN_0001c500
0002fe84,FUN_0002fe84,0004f1d0,FUN_0004f1d0
0002fe84,FUN_0002fe84,0002f940,FUN_0002f940
0002fe84,FUN_0002fe84,0002f0f0,FUN_0002f0f0
0002fe84,FUN_0002fe84,00038b18,FUN_00038b18
0002fe84,FUN_0002fe84,0002f198,FUN_0002f198
0002ffc4,FUN_0002ffc4,000500bb,FUN_000500bb
0002ffc4,FUN_0002ffc4,0001c500,FUN_0001c500
0002ffc4,FUN_0002ffc4,000305fc,FUN_000305fc
0002ffc4,FUN_0002ffc4,0002eb80,FUN_0002eb80
0002ffc4,FUN_0002ffc4,0002fe84,FUN_0002fe84
0002ffc4,FUN_0002ffc4,0002ea64,FUN_0002ea64
0002ffc4,FUN_0002ffc4,0002ea74,FUN_0002ea74
0002ffc4,FUN_0002ffc4,0002fe40,FUN_0002fe40
0002ffc4,FUN_0002ffc4,0002ea68,FUN_0002ea68
0002ffc4,FUN_0002ffc4,0002c3fc,FUN_0002c3fc
0002ffc4,FUN_0002ffc4,0002f280,FUN_0002f280
0002ffc4,FUN_0002ffc4,0002f198,FUN_0002f198
0002ffc4,FUN_0002ffc4,0002eec8,FUN_0002eec8
000305fc,FUN_000305fc,0002dca0,FUN_0002dca0
000305fc,FUN_000305fc,0002f198,FUN_0002f198
00030788,FUN_00030788,0002f434,FUN_0002f434
00030788,FUN_00030788,0002f174,FUN_0002f174
0003157c,FUN_0003157c,0001c500,FUN_0001c500
0003157c,FUN_0003157c,00065546,FUN_00065546
00031a78,FUN_00031a78,0003157c,FUN_0003157c
00031e28,FUN_00031e28,0001c500,FUN_0001c500
00031e28,FUN_00031e28,0002f174,FUN_0002f174
00031e28,FUN_00031e28,0002f198,FUN_0002f198
00032970,FUN_00032970,0002dae4,FUN_0002dae4
00032a3c,FUN_00032a3c,00032970,FUN_00032970
00032a3c,FUN_00032a3c,0002dae4,FUN_0002dae4
00032b00,FUN_00032b00,0002e934,FUN_0002e934
00032b4c,FUN_00032b4c,0002e934,FUN_0002e934
00032b94,FUN_00032b94,0002dae4,FUN_0002dae4
00032bb0,FUN_00032bb0,0002dae4,FUN_0002dae4
000336c0,FUN_000336c0,00033734,FUN_00033734
000336c0,FUN_000336c0,00061a70,FUN_00061a70
00033754,FUN_00033754,00062003,FUN_00062003
00033754,FUN_00033754,0001b544,FUN_0001b544
00033874,FUN_00033874,0001b544,FUN_0001b544
00033b00,FUN_00033b00,0002ea30,FUN_0002ea30
00033b00,FUN_00033b00,00029bc8,FUN_00029bc8
00033b00,FUN_00033b00,00036e78,FUN_00036e78
00033c78,FUN_00033c78,0002ae14,FUN_0002ae14
00033c78,FUN_00033c78,0001cebc,FUN_0001cebc
00033c78,FUN_00033c78,00029bc8,FUN_00029bc8
00033c78,FUN_00033c78,000186d0,FUN_000186d0
00033c78,FUN_00033c78,000494a8,FUN_000494a8
00033c78,FUN_00033c78,0001b544,FUN_0001b544
00033eb4,FUN_00033eb4,00033c78,FUN_00033c78
00033f08,FUN_00033f08,0002a408,FUN_0002a408
00034038,FUN_00034038,00029bc8,FUN_00029bc8
00034038,FUN_00034038,0002b150,FUN_0002b150
00034978,FUN_00034978,000654c7,FUN_000654c7
000349c8,FUN_000349c8,00035838,FUN_00035838
000349c8,FUN_000349c8,00037178,FUN_00037178
000349c8,FUN_000349c8,00036638,FUN_00036638
000349c8,FUN_000349c8,0002bc30,FUN_0002bc30
000349c8,FUN_000349c8,00037d18,FUN_00037d18
000349c8,FUN_000349c8,0003bddc,FUN_0003bddc
000349c8,FUN_000349c8,000365c8,FUN_000365c8
00034b6c,FUN_00034b6c,000349c8,FUN_000349c8
00034b6c,FUN_00034b6c,00036e2c,FUN_00036e2c
00034b6c,FUN_00034b6c,00033b00,FUN_00033b00
00034b6c,FUN_00034b6c,00035c1c,FUN_00035c1c
00034b6c,FUN_00034b6c,00036f10,FUN_00036f10
00034b6c,FUN_00034b6c,00036430,FUN_00036430
00034b6c,FUN_00034b6c,000364fc,FUN_000364fc
00034b6c,FUN_00034b6c,00035d7c,FUN_00035d7c
00034b6c,FUN_00034b6c,00018b04,FUN_00018b04
00034b6c,FUN_00034b6c,000399cc,FUN_000399cc
00034b6c,FUN_00034b6c,000361c8,FUN_000361c8
00034b6c,FUN_00034b6c,00036638,FUN_00036638
00034b6c,FUN_00034b6c,000359e0,FUN_000359e0
00034b6c,FUN_00034b6c,00036710,FUN_00036710
00034b6c,FUN_00034b6c,00035e6c,FUN_00035e6c
00034b6c,FUN_00034b6c,00036300,FUN_00036300
00034b6c,FUN_00034b6c,00037464,FUN_00037464
00034b6c,FUN_00034b6c,0001a978,FUN_0001a978
00034b6c,FUN_00034b6c,00035d20,FUN_00035d20
00034b6c,FUN_00034b6c,00035f84,FUN_00035f84
00034b6c,FUN_00034b6c,0003bddc,FUN_0003bddc
00034e2c,FUN_00034e2c,0001922c,FUN_0001922c
00034e2c,FUN_00034e2c,0003afc4,FUN_0003afc4
00034e2c,FUN_00034e2c,0003c520,FUN_0003c520
00034e2c,FUN_00034e2c,0002c3fc,FUN_0002c3fc
00034e2c,FUN_00034e2c,00018b04,FUN_00018b04
00034e2c,FUN_00034e2c,0003c4cc,FUN_0003c4cc
000350d0,FUN_000350d0,0001922c,FUN_0001922c
000350d0,FUN_000350d0,00036bc8,FUN_00036bc8
000350d0,FUN_000350d0,00034e2c,FUN_00034e2c
000350d0,FUN_000350d0,00039280,FUN_00039280
000350d0,FUN_000350d0,00033950,FUN_00033950
000350d0,FUN_000350d0,0003cf38,FUN_0003cf38
000350d0,FUN_000350d0,0001de64,FUN_0001de64
000350d0,FUN_000350d0,0003bddc,FUN_0003bddc
000350d0,FUN_000350d0,00018b04,FUN_00018b04
000350d0,FUN_000350d0,00039040,FUN_00039040
000350d0,FUN_000350d0,00034ddc,FUN_00034ddc
0003531c,FUN_0003531c,000350d0,FUN_000350d0
0003531c,FUN_0003531c,0003cf38,FUN_0003cf38
0003531c,FUN_0003531c,0002b150,FUN_0002b150
0003531c,FUN_0003531c,00034e20,FUN_00034e20
0003531c,FUN_0003531c,0002c3fc,FUN_0002c3fc
0003531c,FUN_0003531c,000367dc,FUN_000367dc
000354f0,FUN_000354f0,000187fc,FUN_000187fc
000354f0,FUN_000354f0,000188dc,FUN_000188dc
000354f0,FUN_000354f0,0003c148,FUN_0003c148
000354f0,FUN_000354f0,0001883c,FUN_0001883c
00035658,FUN_00035658,0003531c,FUN_0003531c
00035658,FUN_00035658,00038d24,FUN_00038d24
00035658,FUN_00035658,0002a1fc,FUN_0002a1fc
00035658,FUN_00035658,000186c4,FUN_000186c4
00035658,FUN_00035658,000354f0,FUN_000354f0
00035658,FUN_00035658,00033c78,FUN_00033c78
00035658,FUN_00035658,0003c59c,FUN_0003c59c
00035658,FUN_00035658,00034b6c,FUN_00034b6c
00035658,FUN_00035658,00034038,FUN_00034038
00035838,FUN_00035838,00036638,FUN_00036638
00035838,FUN_00035838,0002bc30,FUN_0002bc30
000359e0,FUN_000359e0,0001a5d4,FUN_0001a5d4
000359e0,FUN_000359e0,0001a570,FUN_0001a570
000359e0,FUN_000359e0,00035c1c,FUN_00035c1c
000359e0,FUN_000359e0,00035b7c,FUN_00035b7c
000359e0,FUN_000359e0,0001a640,FUN_0001a640
000359e0,FUN_000359e0,0001883c,FUN_0001883c
000359e0,FUN_000359e0,000365c8,FUN_000365c8
000359e0,FUN_000359e0,000367dc,FUN_000367dc
00035b7c,FUN_00035b7c,00035c1c,FUN_00035c1c
00035b7c,FUN_00035b7c,00035d20,FUN_00035d20
00035c1c,FUN_00035c1c,0002bcf4,FUN_0002bcf4
00035d20,FUN_00035d20,0002bc30,FUN_0002bc30
00035d7c,FUN_00035d7c,0003cf38,FUN_0003cf38
00035e6c,FUN_00035e6c,000188ac,FUN_000188ac
00035e6c,FUN_00035e6c,0002c3fc,FUN_0002c3fc
00035e6c,FUN_00035e6c,0003bddc,FUN_0003bddc
00035e6c,FUN_00035e6c,00018b04,FUN_00018b04
00035e6c,FUN_00035e6c,0003c480,FUN_0003c480
00035f84,FUN_00035f84,0001922c,FUN_0001922c
00035f84,FUN_00035f84,0003c16c,FUN_0003c16c
00035f84,FUN_00035f84,0003c148,FUN_0003c148
0003605c,FUN_0003605c,0003c16c,FUN_0003c16c
0003605c,FUN_0003605c,000188ac,FUN_000188ac
0003605c,FUN_0003605c,0003c148,FUN_0003c148
0003605c,FUN_0003605c,0003c4cc,FUN_0003c4cc
000361c8,FUN_000361c8,0002bc30,FUN_0002bc30
00036300,FUN_00036300,0002bc30,FUN_0002bc30
00036430,FUN_00036430,00036638,FUN_00036638
00036430,FUN_00036430,0002bc30,FUN_0002bc30
00036430,FUN_00036430,0001a640,FUN_0001a640
00036430,FUN_00036430,0003bddc,FUN_0003bddc
00036430,FUN_00036430,000365c8,FUN_000365c8
000364fc,FUN_000364fc,00036638,FUN_00036638
000364fc,FUN_000364fc,0002bc30,FUN_0002bc30
000364fc,FUN_000364fc,0001a640,FUN_0001a640
000364fc,FUN_000364fc,0003bddc,FUN_0003bddc
000364fc,FUN_000364fc,000365c8,FUN_000365c8
00036638,FUN_00036638,00038154,FUN_00038154
00036638,FUN_00036638,0002bc30,FUN_0002bc30
00036710,FUN_00036710,0002c3fc,FUN_0002c3fc
00036710,FUN_00036710,0003c480,FUN_0003c480
000367dc,FUN_000367dc,0002bc30,FUN_0002bc30
00036870,FUN_00036870,00036bc8,FUN_00036bc8
00036870,FUN_00036870,00036638,FUN_00036638
00036870,FUN_00036870,000164e8,FUN_000164e8
00036870,FUN_00036870,000379c4,FUN_000379c4
00036870,FUN_00036870,00039280,FUN_00039280
00036870,FUN_00036870,0002bc30,FUN_0002bc30
00036870,FUN_00036870,00037d18,FUN_00037d18
00036870,FUN_00036870,0003c520,FUN_0003c520
00036870,FUN_00036870,000385b0,FUN_000385b0
00036870,FUN_00036870,00039040,FUN_00039040
00036870,FUN_00036870,000365c8,FUN_000365c8
00036bc8,FUN_00036bc8,00038bc8,FUN_00038bc8
00036bc8,FUN_00036bc8,000188ac,FUN_000188ac
00036bc8,FUN_00036bc8,0002bc30,FUN_0002bc30
00036bc8,FUN_00036bc8,00038bb0,FUN_00038bb0
00036ce4,FUN_00036ce4,0002bc30,FUN_0002bc30
00036d20,FUN_00036d20,00036bc8,FUN_00036bc8
00036d20,FUN_00036d20,000468d8,FUN_000468d8
00036d20,FUN_00036d20,0002bc30,FUN_0002bc30
00036e78,FUN_00036e78,00029bc8,FUN_00029bc8
00036f10,FUN_00036f10,0002ae14,FUN_0002ae14
00036f10,FUN_00036f10,0002bc30,FUN_0002bc30
00036f10,FUN_00036f10,00035b7c,FUN_00035b7c
00036f10,FUN_00036f10,00039a10,FUN_00039a10
00036f10,FUN_00036f10,0002c3fc,FUN_0002c3fc
00036f10,FUN_00036f10,00034038,FUN_00034038
000370f0,FUN_000370f0,0002bc30,FUN_0002bc30
00037178,FUN_00037178,00035838,FUN_00035838
00037178,FUN_00037178,0001a570,FUN_0001a570
00037178,FUN_00037178,00036638,FUN_00036638
00037178,FUN_00037178,00036870,FUN_00036870
00037464,FUN_00037464,0001a570,FUN_0001a570
00037464,FUN_00037464,00036638,FUN_00036638
00037464,FUN_00037464,00035c1c,FUN_00035c1c
00037464,FUN_00037464,00035b7c,FUN_00035b7c
00037464,FUN_00037464,0001883c,FUN_0001883c
000379c4,FUN_000379c4,00037178,FUN_00037178
000379c4,FUN_000379c4,0002bc30,FUN_0002bc30
00037d18,FUN_00037d18,0002bc30,FUN_0002bc30
00037d18,FUN_00037d18,00039a10,FUN_00039a10
00037d18,FUN_00037d18,0002c3fc,FUN_0002c3fc
000380c4,FUN_000380c4,0002ae14,FUN_0002ae14
000380c4,FUN_000380c4,0002bc30,FUN_0002bc30
00038154,FUN_00038154,00035838,FUN_00035838
00038154,FUN_00038154,00036638,FUN_00036638
00038154,FUN_00038154,000367dc,FUN_000367dc
000382c4,FUN_000382c4,00038154,FUN_00038154
000382c4,FUN_000382c4,00035c1c,FUN_00035c1c
000382c4,FUN_000382c4,00035b7c,FUN_00035b7c
000382c4,FUN_000382c4,0001883c,FUN_0001883c
00038434,FUN_00038434,0001922c,FUN_0001922c
00038434,FUN_00038434,0003d004,FUN_0003d004
000384f8,FUN_000384f8,000188ac,FUN_000188ac
000384f8,FUN_000384f8,00038d24,FUN_00038d24
000384f8,FUN_000384f8,000186c4,FUN_000186c4
000384f8,FUN_000384f8,000382c4,FUN_000382c4
000384f8,FUN_000384f8,00038434,FUN_00038434
000384f8,FUN_000384f8,0002a4fc,FUN_0002a4fc
000384f8,FUN_000384f8,0003c59c,FUN_0003c59c
000384f8,FUN_000384f8,00034038,FUN_00034038
000385b0,FUN_000385b0,000164e8,FUN_000164e8
000385b0,FUN_000385b0,00038154,FUN_00038154
000385b0,FUN_000385b0,0002bc30,FUN_0002bc30
00038730,FUN_00038730,0002ea30,FUN_0002ea30
00038730,FUN_00038730,000387f4,FUN_000387f4
00038730,FUN_00038730,00038a38,FUN_00038a38
00038730,FUN_00038730,0004f1d0,FUN_0004f1d0
00038730,FUN_00038730,00038890,FUN_00038890
000387f4,FUN_000387f4,0002ae14,FUN_0002ae14
000387f4,FUN_000387f4,00033754,FUN_00033754
000387f4,FUN_000387f4,0001b544,FUN_0001b544
00038890,FUN_00038890,0002ae14,FUN_0002ae14
00038890,FUN_00038890,0001b544,FUN_0001b544
00038910,FUN_00038910,0004f1d0,FUN_0004f1d0
00038b18,FUN_00038b18,0002ae14,FUN_0002ae14
00038b70,FUN_00038b70,000654c7,FUN_000654c7
00038c5c,FUN_00038c5c,0002f314,FUN_0002f314
00038c5c,FUN_00038c5c,0002f280,FUN_0002f280
00038d24,FUN_00038d24,0002f4bc,FUN_0002f4bc
00038d24,FUN_00038d24,0001c500,FUN_0001c500
00038d24,FUN_00038d24,00038c5c,FUN_00038c5c
00038d90,FUN_00038d90,0002f4bc,FUN_0002f4bc
00038d90,FUN_00038d90,0002f4d0,FUN_0002f4d0
00038d90,FUN_00038d90,0001c500,FUN_0001c500
00038d90,FUN_00038d90,0002f20c,FUN_0002f20c
00038d90,FUN_00038d90,00038c5c,FUN_00038c5c
00038ed0,FUN_00038ed0,0002f4bc,FUN_0002f4bc
00038ed0,FUN_00038ed0,0001c500,FUN_0001c500
00038ed0,FUN_00038ed0,00033950,FUN_00033950
00038fec,FUN_00038fec,00038ed0,FUN_00038ed0
00038fec,FUN_00038fec,00033950,FUN_00033950
00039040,FUN_00039040,00041310,FUN_00041310
00039040,FUN_00039040,00038d90,FUN_00038d90
00039040,FUN_00039040,0005d7dc,FUN_0005d7dc
00039040,FUN_00039040,0004f944,FUN_0004f944
00039040,FUN_00039040,0002c3fc,FUN_0002c3fc
00039040,FUN_00039040,00038fec,FUN_00038fec
000392a0,FUN_000392a0,00046190,FUN_00046190
000392a0,FUN_000392a0,00041310,FUN_00041310
000392a0,FUN_000392a0,00036e78,FUN_00036e78
000392a0,FUN_000392a0,00033a68,FUN_00033a68
0003962c,FUN_0003962c,00033950,FUN_00033950
0003962c,FUN_0003962c,0003afc4,FUN_0003afc4
000396ac,FUN_000396ac,00033950,FUN_00033950
000396ac,FUN_000396ac,0003afc4,FUN_0003afc4
00039738,FUN_00039738,00033950,FUN_00033950
00039834,FUN_00039834,00033a10,FUN_00033a10
00039834,FUN_00039834,000468d8,FUN_000468d8
00039834,FUN_00039834,000392a0,FUN_000392a0
00039834,FUN_00039834,00036d98,FUN_00036d98
00039834,FUN_00039834,00039738,FUN_00039738
00039834,FUN_00039834,0004f434,FUN_0004f434
00039834,FUN_00039834,0003afc4,FUN_0003afc4
00039834,FUN_00039834,00036ce4,FUN_00036ce4
00039834,FUN_00039834,0002c3fc,FUN_0002c3fc
000399cc,FUN_000399cc,00033a10,FUN_00033a10
000399cc,FUN_000399cc,000367dc,FUN_000367dc
00039b30,FUN_00039b30,00033a10,FUN_00033a10
00039b30,FUN_00039b30,0003c16c,FUN_0003c16c
00039b30,FUN_00039b30,00039ac8,FUN_00039ac8
00039b30,FUN_00039b30,0003c190,FUN_0003c190
00039b30,FUN_00039b30,0003c520,FUN_0003c520
00039b30,FUN_00039b30,0003c148,FUN_0003c148
00039b30,FUN_00039b30,0001890c,FUN_0001890c
00039b30,FUN_00039b30,00039b14,FUN_00039b14
00039b30,FUN_00039b30,0003c480,FUN_0003c480
00039efc,FUN_00039efc,00033a10,FUN_00033a10
00039f40,FUN_00039f40,00033a10,FUN_00033a10
00039fb0,FUN_00039fb0,00033a10,FUN_00033a10
00039fb0,FUN_00039fb0,00039f40,FUN_00039f40
00039fb0,FUN_00039fb0,00018b04,FUN_00018b04
00039ff4,FUN_00039ff4,0001922c,FUN_0001922c
00039ff4,FUN_00039ff4,00039f40,FUN_00039f40
00039ff4,FUN_00039ff4,0002bd44,FUN_0002bd44
00039ff4,FUN_00039ff4,00034038,FUN_00034038
0003a0fc,FUN_0003a0fc,0002ae14,FUN_0002ae14
0003a0fc,FUN_0003a0fc,00033950,FUN_00033950
0003a0fc,FUN_0003a0fc,0002bc30,FUN_0002bc30
0003a0fc,FUN_0003a0fc,0003afc4,FUN_0003afc4
0003a2a0,FUN_0003a2a0,00033950,FUN_00033950
0003a2a0,FUN_0003a2a0,0003b298,FUN_0003b298
0003a2a0,FUN_0003a2a0,00039f40,FUN_00039f40
0003a2a0,FUN_0003a2a0,0003afc4,FUN_0003afc4
0003a2a0,FUN_0003a2a0,0003b080,FUN_0003b080
0003a2a0,FUN_0003a2a0,0003ad98,FUN_0003ad98
0003a2a0,FUN_0003a2a0,00039834,FUN_00039834
0003a2a0,FUN_0003a2a0,0003a280,FUN_0003a280
0003a2a0,FUN_0003a2a0,0003a0fc,FUN_0003a0fc
0003a2a0,FUN_0003a2a0,0002c3fc,FUN_0002c3fc
0003a2a0,FUN_0003a2a0,00018b04,FUN_00018b04
0003a504,FUN_0003a504,00033a10,FUN_00033a10
0003a650,FUN_0003a650,00033a10,FUN_00033a10
0003a79c,FUN_0003a79c,00033a10,FUN_00033a10
0003a8e8,FUN_0003a8e8,00033a10,FUN_00033a10
0003a95c,FUN_0003a95c,00033a10,FUN_00033a10
0003a95c,FUN_0003a95c,000188ac,FUN_000188ac
0003a95c,FUN_0003a95c,0002bc30,FUN_0002bc30
0003aa54,FUN_0003aa54,0001a5ac,FUN_0001a5ac
0003aafc,FUN_0003aafc,00036d20,FUN_00036d20
0003aafc,FUN_0003aafc,0003a504,FUN_0003a504
0003aafc,FUN_0003aafc,0003afc4,FUN_0003afc4
0003aafc,FUN_0003aafc,00039834,FUN_00039834
0003aafc,FUN_0003aafc,0003a8e8,FUN_0003a8e8
0003aafc,FUN_0003aafc,00018b04,FUN_00018b04
0003aafc,FUN_0003aafc,00033a10,FUN_00033a10
0003aafc,FUN_0003aafc,0003a650,FUN_0003a650
0003aafc,FUN_0003aafc,0003a79c,FUN_0003a79c
0003aafc,FUN_0003aafc,00039f40,FUN_00039f40
0003aafc,FUN_0003aafc,0003aa54,FUN_0003aa54
0003aafc,FUN_0003aafc,0003a280,FUN_0003a280
0003aafc,FUN_0003aafc,0003a0fc,FUN_0003a0fc
0003aafc,FUN_0003aafc,0002c3fc,FUN_0002c3fc
0003ad98,FUN_0003ad98,00033a10,FUN_00033a10
0003ad98,FUN_0003ad98,0002ae14,FUN_0002ae14
0003ad98,FUN_0003ad98,000392a0,FUN_000392a0
0003ad98,FUN_0003ad98,0002bc30,FUN_0002bc30
0003ad98,FUN_0003ad98,0002c3fc,FUN_0002c3fc
0003ae9c,FUN_0003ae9c,0001a570,FUN_0001a570
0003ae9c,FUN_0003ae9c,00033950,FUN_00033950
0003afc4,FUN_0003afc4,00062003,FUN_00062003
0003b080,FUN_0003b080,0001a570,FUN_0001a570
0003b080,FUN_0003b080,0003b038,FUN_0003b038
0003b080,FUN_0003b080,0003c148,FUN_0003c148
0003b134,FUN_0003b134,00033a10,FUN_00033a10
0003b134,FUN_0003b134,0003bdb0,FUN_0003bdb0
0003b134,FUN_0003b134,0001ab10,FUN_0001ab10
0003b134,FUN_0003b134,0003afc4,FUN_0003afc4
0003b134,FUN_0003b134,0005d7dc,FUN_0005d7dc
0003b134,FUN_0003b134,0003bddc,FUN_0003bddc
0003b298,FUN_0003b298,00046460,FUN_00046460
0003b298,FUN_0003b298,00033a10,FUN_00033a10
0003b298,FUN_0003b298,0003b134,FUN_0003b134
0003b298,FUN_0003b298,0003afc4,FUN_0003afc4
0003b298,FUN_0003b298,0001ab5c,FUN_0001ab5c
0003b298,FUN_0003b298,0001a734,FUN_0001a734
0003b464,FUN_0003b464,0001922c,FUN_0001922c
0003b464,FUN_0003b464,00036d20,FUN_00036d20
0003b464,FUN_0003b464,000235c4,FUN_000235c4
0003b464,FUN_0003b464,0003b298,FUN_0003b298
0003b464,FUN_0003b464,0003afc4,FUN_0003afc4
0003b464,FUN_0003b464,00039834,FUN_00039834
0003b464,FUN_0003b464,0002bd44,FUN_0002bd44
0003b464,FUN_0003b464,00018b04,FUN_00018b04
0003b464,FUN_0003b464,00033a10,FUN_00033a10
0003b464,FUN_0003b464,00039f40,FUN_00039f40
0003b464,FUN_0003b464,0003b080,FUN_0003b080
0003b464,FUN_0003b464,0003ad98,FUN_0003ad98
0003b464,FUN_0003b464,000188dc,FUN_000188dc
0003b464,FUN_0003b464,0003c59c,FUN_0003c59c
0003b464,FUN_0003b464,0003a95c,FUN_0003a95c
0003b6c4,FUN_0003b6c4,0001a570,FUN_0001a570
0003b6c4,FUN_0003b6c4,00033950,FUN_00033950
0003b714,FUN_0003b714,00062003,FUN_00062003
0003b714,FUN_0003b714,0003ae9c,FUN_0003ae9c
0003b714,FUN_0003b714,0003aafc,FUN_0003aafc
0003b714,FUN_0003b714,00033950,FUN_00033950
0003b714,FUN_0003b714,0003b6c4,FUN_0003b6c4
0003b714,FUN_0003b714,0003b298,FUN_0003b298
0003b714,FUN_0003b714,0003afc4,FUN_0003afc4
0003b714,FUN_0003b714,0003b080,FUN_0003b080
0003b714,FUN_0003b714,0003ad98,FUN_0003ad98
0003b714,FUN_0003b714,00039efc,FUN_00039efc
0003b714,FUN_0003b714,0002bd44,FUN_0002bd44
0003b714,FUN_0003b714,0003c59c,FUN_0003c59c
0003b938,FUN_0003b938,0002bc30,FUN_0002bc30
0003b938,FUN_0003b938,0002c3fc,FUN_0002c3fc
0003b9d8,FUN_0003b9d8,00033950,FUN_00033950
0003b9d8,FUN_0003b9d8,0001883c,FUN_0001883c
0003b9d8,FUN_0003b9d8,0003b8d8,FUN_0003b8d8
0003baec,FUN_0003baec,0003b9d8,FUN_0003b9d8
0003bb90,FUN_0003bb90,0003baec,FUN_0003baec
0003bb90,FUN_0003bb90,0004fb20,FUN_0004fb20
0003bb90,FUN_0003bb90,000186d0,FUN_000186d0
0003bdb0,FUN_0003bdb0,00033950,FUN_00033950
0003bddc,FUN_0003bddc,00033950,FUN_00033950
0003bddc,FUN_0003bddc,0003cf38,FUN_0003cf38
0003bddc,FUN_0003bddc,0004649c,FUN_0004649c
0003bddc,FUN_0003bddc,0003c480,FUN_0003c480
0003c190,FUN_0003c190,0001a570,FUN_0001a570
0003c1c8,FUN_0003c1c8,00033950,FUN_00033950
0003c208,FUN_0003c208,00018af8,FUN_00018af8
0003c208,FUN_0003c208,0001a570,FUN_0001a570
0003c208,FUN_0003c208,000187fc,FUN_000187fc
0003c208,FUN_0003c208,000186d0,FUN_000186d0
0003c208,FUN_0003c208,000188dc,FUN_000188dc
0003c208,FUN_0003c208,0001883c,FUN_0001883c
0003c208,FUN_0003c208,0003b8d8,FUN_0003b8d8
0003c208,FUN_0003c208,0003b90c,FUN_0003b90c
0003c358,FUN_0003c358,00033950,FUN_00033950
0003c480,FUN_0003c480,000188ac,FUN_000188ac
0003c480,FUN_0003c480,000339ac,FUN_000339ac
0003c480,FUN_0003c480,0002bc30,FUN_0002bc30
0003c480,FUN_0003c480,000188dc,FUN_000188dc
0003c4cc,FUN_0003c4cc,000339ac,FUN_000339ac
0003c4cc,FUN_0003c4cc,0002bc30,FUN_0002bc30
0003c4cc,FUN_0003c4cc,0003c480,FUN_0003c480
0003c520,FUN_0003c520,000339ac,FUN_000339ac
0003c520,FUN_0003c520,0002bc30,FUN_0002bc30
0003c520,FUN_0003c520,000188dc,FUN_000188dc
0003c520,FUN_0003c520,0001890c,FUN_0001890c
0003c6a8,FUN_0003c6a8,0003c600,FUN_0003c600
0003c758,FUN_0003c758,0003c6e8,FUN_0003c6e8
0003c758,FUN_0003c758,0003c600,FUN_0003c600
0003c800,FUN_0003c800,0003c6e8,FUN_0003c6e8
0003c800,FUN_0003c800,0003c600,FUN_0003c600
0003c88c,FUN_0003c88c,0003c758,FUN_0003c758
0003c88c,FUN_0003c88c,0003c6a8,FUN_0003c6a8
0003c88c,FUN_0003c88c,0003c800,FUN_0003c800
0003c88c,FUN_0003c88c,0003c600,FUN_0003c600
0003cb68,FUN_0003cb68,0003c88c,FUN_0003c88c
0003cb68,FUN_0003cb68,0001a570,FUN_0001a570
0003cbc4,FUN_0003cbc4,0001ddf4,FUN_0001ddf4
0003cbc4,FUN_0003cbc4,00033950,FUN_00033950
0003cc58,FUN_0003cc58,0001ddf4,FUN_0001ddf4
0003cc58,FUN_0003cc58,00033950,FUN_00033950
0003cd44,FUN_0003cd44,0003ccec,FUN_0003ccec
0003ce24,FUN_0003ce24,0003cd94,FUN_0003cd94
0003ce58,FUN_0003ce58,0003cbc4,FUN_0003cbc4
0003ce58,FUN_0003ce58,0003cc58,FUN_0003cc58
0003ce58,FUN_0003ce58,00034e2c,FUN_00034e2c
0003ce58,FUN_0003ce58,0003ce24,FUN_0003ce24
0003ce58,FUN_0003ce58,00034d8c,FUN_00034d8c
0003ce58,FUN_0003ce58,0004ce70,FUN_0004ce70
0003cf38,FUN_0003cf38,0003c6a8,FUN_0003c6a8
0003cf38,FUN_0003cf38,0003ce58,FUN_0003ce58
0003cf38,FUN_0003cf38,00032bac,FUN_00032bac
0003cf38,FUN_0003cf38,0003cd44,FUN_0003cd44
0003d004,FUN_0003d004,0003c6a8,FUN_0003c6a8
0003d004,FUN_0003d004,0003ce58,FUN_0003ce58
0003d004,FUN_0003d004,00032bac,FUN_00032bac
0003d004,FUN_0003d004,0003cd44,FUN_0003cd44
0003e524,FUN_0003e524,00062003,FUN_00062003
0003e524,FUN_0003e524,0003c16c,FUN_0003c16c
0003e524,FUN_0003e524,000188ac,FUN_000188ac
0003e524,FUN_0003e524,00033950,FUN_00033950
0003e524,FUN_0003e524,0003c190,FUN_0003c190
0003e524,FUN_0003e524,0003c148,FUN_0003c148
0003e524,FUN_0003e524,0003c4cc,FUN_0003c4cc
0003e6a8,FUN_0003e6a8,00033a10,FUN_00033a10
0003e6a8,FUN_0003e6a8,0002ae14,FUN_0002ae14
0003e6a8,FUN_0003e6a8,0003c16c,FUN_0003c16c
0003e6a8,FUN_0003e6a8,0003f308,FUN_0003f308
0003e6a8,FUN_0003e6a8,000188ac,FUN_000188ac
0003e6a8,FUN_0003e6a8,0002bc30,FUN_0002bc30
0003e6a8,FUN_0003e6a8,00039834,FUN_00039834
0003ea24,FUN_0003ea24,0001a570,FUN_0001a570
0003ea24,FUN_0003ea24,0003c16c,FUN_0003c16c
0003ea24,FUN_0003ea24,000188ac,FUN_000188ac
0003ea24,FUN_0003ea24,00033950,FUN_00033950
0003ea24,FUN_0003ea24,0002bc30,FUN_0002bc30
0003ea24,FUN_0003ea24,00036870,FUN_00036870
0003ea24,FUN_0003ea24,0003c148,FUN_0003c148
0003ee00,FUN_0003ee00,00062003,FUN_00062003
0003ee00,FUN_0003ee00,00033950,FUN_00033950
0003ee00,FUN_0003ee00,0002bc30,FUN_0002bc30
0003ee00,FUN_0003ee00,0002c3fc,FUN_0002c3fc
0003f308,FUN_0003f308,0002ae14,FUN_0002ae14
0003f308,FUN_0003f308,00013244,FUN_00013244
0003f308,FUN_0003f308,0002c3fc,FUN_0002c3fc
0003f6f4,FUN_0003f6f4,00033950,FUN_00033950
0003f720,FUN_0003f720,000187fc,FUN_000187fc
0003f720,FUN_0003f720,00033950,FUN_00033950
0003f720,FUN_0003f720,0003c190,FUN_0003c190
0003f720,FUN_0003f720,000189fc,FUN_000189fc
0003f9c8,FUN_0003f9c8,00062003,FUN_00062003
0003f9c8,FUN_0003f9c8,0003c16c,FUN_0003c16c
0003f9c8,FUN_0003f9c8,000188ac,FUN_000188ac
0003f9c8,FUN_0003f9c8,00033950,FUN_00033950
0003f9c8,FUN_0003f9c8,0002bc30,FUN_0002bc30
0003f9c8,FUN_0003f9c8,0003f720,FUN_0003f720
0003f9c8,FUN_0003f9c8,000188dc,FUN_000188dc
0003f9c8,FUN_0003f9c8,0002b150,FUN_0002b150
0003f9c8,FUN_0003f9c8,0003c148,FUN_0003c148
0003f9c8,FUN_0003f9c8,0003f6f4,FUN_0003f6f4
0003fd30,FUN_0003fd30,00033950,FUN_00033950
0003fd30,FUN_0003fd30,00036870,FUN_00036870
0003fd30,FUN_0003fd30,00018c14,FUN_00018c14
0003fd30,FUN_0003fd30,00018bd4,FUN_00018bd4
0003fdd8,FUN_0003fdd8,0001a570,FUN_0001a570
0003fdd8,FUN_0003fdd8,00033950,FUN_00033950
0003fdd8,FUN_0003fdd8,0002bc30,FUN_0002bc30
0003fdd8,FUN_0003fdd8,0003d0c0,FUN_0003d0c0
0003fdd8,FUN_0003fdd8,000188dc,FUN_000188dc
0003fdd8,FUN_0003fdd8,00039834,FUN_00039834
0003fdd8,FUN_0003fdd8,00039a10,FUN_00039a10
0003ff08,FUN_0003ff08,0003c4cc,FUN_0003c4cc
00040608,FUN_00040608,000406b4,FUN_000406b4
00040608,FUN_00040608,000249c0,FUN_000249c0
000406b4,FUN_000406b4,0002ae14,FUN_0002ae14
000406b4,FUN_000406b4,000249b0,FUN_000249b0
000406b4,FUN_000406b4,0002a17c,FUN_0002a17c
000406b4,FUN_000406b4,0005d7dc,FUN_0005d7dc
000406b4,FUN_000406b4,0002c3fc,FUN_0002c3fc
000406b4,FUN_000406b4,000249d0,FUN_000249d0
000408e8,FUN_000408e8,0002ae14,FUN_0002ae14
000408e8,FUN_000408e8,0002c3fc,FUN_0002c3fc
00040954,FUN_00040954,0002ae14,FUN_0002ae14
00040954,FUN_00040954,000188ac,FUN_000188ac
00040954,FUN_00040954,00033950,FUN_00033950
00040954,FUN_00040954,000408e8,FUN_000408e8
00040954,FUN_00040954,0002a17c,FUN_0002a17c
00040954,FUN_00040954,0002bc30,FUN_0002bc30
00040954,FUN_00040954,0002a148,FUN_0002a148
00040954,FUN_00040954,0002c3fc,FUN_0002c3fc
00040954,FUN_00040954,0003c480,FUN_0003c480
00040bbc,FUN_00040bbc,000339ac,FUN_000339ac
00040bbc,FUN_00040bbc,0003c4cc,FUN_0003c4cc
00041030,FUN_00041030,00061a70,FUN_00061a70
00041030,FUN_00041030,0001b544,FUN_0001b544
000412a0,FUN_000412a0,0002ae14,FUN_0002ae14
000412a0,FUN_000412a0,0002c320,FUN_0002c320
00041350,FUN_00041350,00033c18,FUN_00033c18
000413c8,FUN_000413c8,0002ae14,FUN_0002ae14
000414b4,FUN_000414b4,0002bcf4,FUN_0002bcf4
000414b4,FUN_000414b4,0002a17c,FUN_0002a17c
00041528,FUN_00041528,0002bcf4,FUN_0002bcf4
00041528,FUN_00041528,0002a17c,FUN_0002a17c
00041578,FUN_00041578,00033904,FUN_00033904
00041578,FUN_00041578,00013d4c,FUN_00013d4c
00041578,FUN_00041578,00032a3c,FUN_00032a3c
00041578,FUN_00041578,0002c3fc,FUN_0002c3fc
0004160c,FUN_0004160c,0002ae14,FUN_0002ae14
0004160c,FUN_0004160c,0001c500,FUN_0001c500
0004160c,FUN_0004160c,00065490,FUN_00065490
0004160c,FUN_0004160c,0002f280,FUN_0002f280
0004160c,FUN_0004160c,0002f198,FUN_0002f198
000416d4,FUN_000416d4,00041578,FUN_00041578
000416d4,FUN_000416d4,0004160c,FUN_0004160c
000416d4,FUN_000416d4,00032bac,FUN_00032bac
000416d4,FUN_000416d4,0004660c,FUN_0004660c
00041760,FUN_00041760,00041350,FUN_00041350
00041760,FUN_00041760,0004660c,FUN_0004660c
00041760,FUN_00041760,00025848,FUN_00025848
000417c4,FUN_000417c4,0002ae14,FUN_0002ae14
000417c4,FUN_000417c4,0001c500,FUN_0001c500
000417c4,FUN_000417c4,0002f198,FUN_0002f198
000418f4,FUN_000418f4,0002ae14,FUN_0002ae14
000418f4,FUN_000418f4,0001c500,FUN_0001c500
000418f4,FUN_000418f4,0002a17c,FUN_0002a17c
000418f4,FUN_000418f4,0002f174,FUN_0002f174
000418f4,FUN_000418f4,0002f434,FUN_0002f434
000418f4,FUN_000418f4,0002f198,FUN_0002f198
00041c28,FUN_00041c28,0002f510,FUN_0002f510
00041c28,FUN_00041c28,0001c500,FUN_0001c500
00041c28,FUN_00041c28,0004160c,FUN_0004160c
00041c28,FUN_00041c28,00032a3c,FUN_00032a3c
00041c28,FUN_00041c28,000416d4,FUN_000416d4
00041c28,FUN_00041c28,0002f434,FUN_0002f434
00041c28,FUN_00041c28,0004660c,FUN_0004660c
00041c28,FUN_00041c28,0002f41c,FUN_0002f41c
00041c28,FUN_00041c28,0002bc30,FUN_0002bc30
00041c28,FUN_00041c28,000417c4,FUN_000417c4
00041c28,FUN_00041c28,0002f0f0,FUN_0002f0f0
00041c28,FUN_00041c28,0002c3fc,FUN_0002c3fc
00041c28,FUN_00041c28,00025848,FUN_00025848
00041c28,FUN_00041c28,00041528,FUN_00041528
00041c28,FUN_00041c28,0002bcf4,FUN_0002bcf4
00041c28,FUN_00041c28,000418f4,FUN_000418f4
00041c28,FUN_00041c28,00041578,FUN_00041578
00041c28,FUN_00041c28,0002ae14,FUN_0002ae14
00041c28,FUN_00041c28,00041310,FUN_00041310
00041c28,FUN_00041c28,000414b4,FUN_000414b4
00041c28,FUN_00041c28,00041350,FUN_00041350
00041c28,FUN_00041c28,0002a17c,FUN_0002a17c
00041c28,FUN_00041c28,00041760,FUN_00041760
00041c28,FUN_00041c28,0002b150,FUN_0002b150
00041c28,FUN_00041c28,000271e0,FUN_000271e0
00041c28,FUN_00041c28,0002f198,FUN_0002f198
00041c28,FUN_00041c28,0002dae4,FUN_0002dae4
0004246c,FUN_0004246c,00065490,FUN_00065490
000424e8,FUN_000424e8,00033904,FUN_00033904
000424e8,FUN_000424e8,00029cfc,thunk_FUN_00013df0
000424e8,FUN_000424e8,00042bcc,FUN_00042bcc
000424e8,FUN_000424e8,00020e90,FUN_00020e90
000424e8,FUN_000424e8,0002c060,FUN_0002c060
000424e8,FUN_000424e8,00042724,FUN_00042724
000424e8,FUN_000424e8,0004b9ac,FUN_0004b9ac
000424e8,FUN_000424e8,00038b18,FUN_00038b18
000424e8,FUN_000424e8,00042cb4,FUN_00042cb4
000424e8,FUN_000424e8,0002baf4,FUN_0002baf4
000424e8,FUN_000424e8,0001c6d4,FUN_0001c6d4
000424e8,FUN_000424e8,00013c70,FUN_00013c70
000424e8,FUN_000424e8,0002c1c8,FUN_0002c1c8
000424e8,FUN_000424e8,0004f318,FUN_0004f318
000424e8,FUN_000424e8,00033f08,FUN_00033f08
000424e8,FUN_000424e8,0004f1d0,FUN_0004f1d0
000424e8,FUN_000424e8,0002c3fc,FUN_0002c3fc
000424e8,FUN_000424e8,000428b8,FUN_000428b8
000424e8,FUN_000424e8,0002c178,FUN_0002c178
00042724,FUN_00042724,0002ae14,FUN_0002ae14
00042724,FUN_00042724,00029bc8,FUN_00029bc8
000428b8,FUN_000428b8,0002ae14,FUN_0002ae14
000428b8,FUN_000428b8,00029d60,FUN_00029d60
000428b8,FUN_000428b8,00029cbc,FUN_00029cbc
00042cb4,FUN_00042cb4,0002baf4,FUN_0002baf4
00042cb4,FUN_00042cb4,0004f778,FUN_0004f778
00042cb4,FUN_00042cb4,0004f1e4,FUN_0004f1e4
00042cb4,FUN_00042cb4,00042fe0,FUN_00042fe0
00042cb4,FUN_00042cb4,0002c3fc,FUN_0002c3fc
00042cb4,FUN_00042cb4,00042f60,FUN_00042f60
00042f60,FUN_00042f60,0002ca78,FUN_0002ca78
00042f60,FUN_00042f60,0002ca7c,FUN_0002ca7c
00042f60,FUN_00042f60,0002c060,FUN_0002c060
00042f60,FUN_00042f60,0002caa8,FUN_0002caa8
00042f60,FUN_00042f60,0002ca48,FUN_0002ca48
00042fe0,FUN_00042fe0,00041310,FUN_00041310
00042fe0,FUN_00042fe0,0002c2b0,FUN_0002c2b0
00042fe0,FUN_00042fe0,0002bc30,FUN_0002bc30
00042fe0,FUN_00042fe0,0002b150,FUN_0002b150
000432a0,FUN_000432a0,0002c1c8,FUN_0002c1c8
000432a0,FUN_000432a0,0002c060,FUN_0002c060
000432a0,FUN_000432a0,0002c178,FUN_0002c178
000432ec,FUN_000432ec,0002c088,FUN_0002c088
000432ec,FUN_000432ec,0001c500,FUN_0001c500
000432ec,FUN_000432ec,00065624,FUN_00065624
000432ec,FUN_000432ec,0002b150,FUN_0002b150
000432ec,FUN_000432ec,0002f280,FUN_0002f280
000433dc,FUN_000433dc,0002c088,FUN_0002c088
000433dc,FUN_000433dc,0001c500,FUN_0001c500
000433dc,FUN_000433dc,0002b150,FUN_0002b150
000433dc,FUN_000433dc,0002f280,FUN_0002f280
00043464,FUN_00043464,0002ae14,FUN_0002ae14
00043464,FUN_00043464,0001c500,FUN_0001c500
00043464,FUN_00043464,00065624,FUN_00065624
00043464,FUN_00043464,000432ec,FUN_000432ec
00043464,FUN_00043464,0002f198,FUN_0002f198
000435ac,FUN_000435ac,0002ae14,FUN_0002ae14
000435ac,FUN_000435ac,0001c500,FUN_0001c500
000435ac,FUN_000435ac,000433dc,FUN_000433dc
000435ac,FUN_000435ac,000432ec,FUN_000432ec
000435ac,FUN_000435ac,0002f198,FUN_0002f198
00043738,FUN_00043738,00013df0,FUN_00013df0
00043738,FUN_00043738,00043964,FUN_00043964
00043738,FUN_00043738,00043a08,FUN_00043a08
00043738,FUN_00043738,0002c8f0,FUN_0002c8f0
00043738,FUN_00043738,00043818,FUN_00043818
00043738,FUN_00043738,0002c3fc,FUN_0002c3fc
00043738,FUN_00043738,0002f528,FUN_0002f528
00043738,FUN_00043738,0001d810,FUN_0001d810
00043818,FUN_00043818,0002baf4,FUN_0002baf4
00043818,FUN_00043818,0002ae14,FUN_0002ae14
00043818,FUN_00043818,0004f228,FUN_0004f228
00043818,FUN_00043818,00033754,FUN_00033754
00043818,FUN_00043818,00029d60,FUN_00029d60
000438b4,FUN_000438b4,00043928,FUN_00043928
000438b4,FUN_000438b4,0004f790,FUN_0004f790
000438b4,FUN_000438b4,00044798,FUN_00044798
000438b4,FUN_000438b4,00043b24,FUN_00043b24
00043928,FUN_00043928,00011f28,FUN_00011f28
00043964,FUN_00043964,0002ae14,FUN_0002ae14
00043964,FUN_00043964,0002bcf4,FUN_0002bcf4
00043964,FUN_00043964,0002a17c,FUN_0002a17c
00043a08,FUN_00043a08,0002ae14,FUN_0002ae14
00043a08,FUN_00043a08,0002bcf4,FUN_0002bcf4
00043a08,FUN_00043a08,0001d7b8,FUN_0001d7b8
00043aac,FUN_00043aac,0004f980,FUN_0004f980
00043aac,FUN_00043aac,00043d60,FUN_00043d60
00043aac,FUN_00043aac,0002f528,FUN_0002f528
00043b24,FUN_00043b24,00043ea0,FUN_00043ea0
00043b24,FUN_00043b24,0004f980,FUN_0004f980
00043b24,FUN_00043b24,00043464,FUN_00043464
00043b24,FUN_00043b24,00043964,FUN_00043964
00043b24,FUN_00043b24,00043a08,FUN_00043a08
00043b24,FUN_00043b24,00043aac,FUN_00043aac
00043b24,FUN_00043b24,000435ac,FUN_000435ac
00043b24,FUN_00043b24,00043fbc,FUN_00043fbc
00043b24,FUN_00043b24,00043d60,FUN_00043d60
00043b24,FUN_00043b24,00011f28,FUN_00011f28
00043b24,FUN_00043b24,000432a0,FUN_000432a0
00043d60,FUN_00043d60,00033c18,FUN_00033c18
00043d60,FUN_00043d60,00043d0c,FUN_00043d0c
00043d60,FUN_00043d60,0002e934,FUN_0002e934
00043d60,FUN_00043d60,0002b150,FUN_0002b150
00043d60,FUN_00043d60,000432ec,FUN_000432ec
00043d60,FUN_00043d60,0004248c,FUN_0004248c
00043d60,FUN_00043d60,0002c3fc,FUN_0002c3fc
00043ea0,FUN_00043ea0,0002bcf4,FUN_0002bcf4
00043ea0,FUN_00043ea0,0002a17c,FUN_0002a17c
00043ea0,FUN_00043ea0,0002c3fc,FUN_0002c3fc
00043fbc,FUN_00043fbc,0002a17c,FUN_0002a17c
00043fbc,FUN_00043fbc,0001d7b8,FUN_0001d7b8
00043fbc,FUN_00043fbc,0002bc30,FUN_0002bc30
00044054,FUN_00044054,0002ad40,FUN_0002ad40
0004408c,FUN_0004408c,0002ae14,FUN_0002ae14
0004418c,FUN_0004418c,0002bcf4,FUN_0002bcf4
0004418c,FUN_0004418c,0002a17c,FUN_0002a17c
0004418c,FUN_0004418c,0002c3fc,FUN_0002c3fc
000442a0,FUN_000442a0,0002a17c,FUN_0002a17c
000442a0,FUN_000442a0,0001d7b8,FUN_0001d7b8
000442a0,FUN_000442a0,0002bc30,FUN_0002bc30
0004434c,FUN_0004434c,0004408c,FUN_0004408c
0004434c,FUN_0004434c,00033c18,FUN_00033c18
0004434c,FUN_0004434c,00044054,FUN_00044054
0004434c,FUN_0004434c,0002b150,FUN_0002b150
0004434c,FUN_0004434c,000432ec,FUN_000432ec
0004434c,FUN_0004434c,0004248c,FUN_0004248c
0004434c,FUN_0004434c,0002c3fc,FUN_0002c3fc
000444c8,FUN_000444c8,00013df0,FUN_00013df0
000444c8,FUN_000444c8,00043964,FUN_00043964
000444c8,FUN_000444c8,00043a08,FUN_00043a08
000444c8,FUN_000444c8,0002c8f0,FUN_0002c8f0
000444c8,FUN_000444c8,00043818,FUN_00043818
000444c8,FUN_000444c8,0002c3fc,FUN_0002c3fc
000444c8,FUN_000444c8,0001d810,FUN_0001d810
0004454c,FUN_0004454c,0002c3fc,FUN_0002c3fc
0004454c,FUN_0004454c,000444c8,FUN_000444c8
00044638,FUN_00044638,0002ae14,FUN_0002ae14
00044638,FUN_00044638,0001c500,FUN_0001c500
00044638,FUN_00044638,00065624,FUN_00065624
00044638,FUN_00044638,000432ec,FUN_000432ec
00044638,FUN_00044638,0002f198,FUN_0002f198
00044798,FUN_00044798,0004f980,FUN_0004f980
00044798,FUN_00044798,000442a0,FUN_000442a0
00044798,FUN_00044798,0004434c,FUN_0004434c
00044798,FUN_00044798,00044638,FUN_00044638
00044798,FUN_00044798,0004418c,FUN_0004418c
0004505c,FUN_0004505c,00062003,FUN_00062003
0004505c,FUN_0004505c,00033950,FUN_00033950
0004505c,FUN_0004505c,0002bc30,FUN_0002bc30
00045908,FUN_00045908,0002ae14,FUN_0002ae14
00045908,FUN_00045908,0003c16c,FUN_0003c16c
00045908,FUN_00045908,000339ac,FUN_000339ac
00045908,FUN_00045908,0003c148,FUN_0003c148
00045908,FUN_00045908,0002c3fc,FUN_0002c3fc
00045908,FUN_00045908,0003c480,FUN_0003c480
00045b50,FUN_00045b50,00033950,FUN_00033950
00045b50,FUN_00045b50,0002a17c,FUN_0002a17c
00045b50,FUN_00045b50,0002bc30,FUN_0002bc30
00045b50,FUN_00045b50,0002c3fc,FUN_0002c3fc
00046190,FUN_00046190,0002caa8,FUN_0002caa8
00046190,FUN_00046190,0002d974,FUN_0002d974
000461dc,FUN_000461dc,0001a570,FUN_0001a570
000461dc,FUN_000461dc,0003c6e8,FUN_0003c6e8
00046698,FUN_00046698,00033950,FUN_00033950
000467dc,FUN_000467dc,0001a5d4,FUN_0001a5d4
0004682c,FUN_0004682c,0001a5d4,FUN_0001a5d4
00046898,FUN_00046898,00033a10,FUN_00033a10
000468d8,FUN_000468d8,00033a10,FUN_00033a10
000469a8,FUN_000469a8,00046794,FUN_00046794
000469a8,FUN_000469a8,0004682c,FUN_0004682c
000469a8,FUN_000469a8,000468d8,FUN_000468d8
000469a8,FUN_000469a8,000466f4,FUN_000466f4
000469a8,FUN_000469a8,00033950,FUN_00033950
000469a8,FUN_000469a8,00046698,FUN_00046698
000469a8,FUN_000469a8,0004673c,FUN_0004673c
000469a8,FUN_000469a8,000467dc,FUN_000467dc
000469a8,FUN_000469a8,0003c59c,FUN_0003c59c
000469a8,FUN_000469a8,00046958,FUN_00046958
000469a8,FUN_000469a8,00046898,FUN_00046898
00046c78,FUN_00046c78,00062003,FUN_00062003
00046c78,FUN_00046c78,00046bbc,FUN_00046bbc
00046c78,FUN_00046c78,00033950,FUN_00033950
00046dd4,FUN_00046dd4,000187fc,FUN_000187fc
00046f4c,FUN_00046f4c,00046c78,FUN_00046c78
00046f4c,FUN_00046f4c,0005d7dc,FUN_0005d7dc
00046f4c,FUN_00046f4c,00046dd4,FUN_00046dd4
000470f8,FUN_000470f8,00046f4c,FUN_00046f4c
00047208,FUN_00047208,0002f510,FUN_0002f510
00047208,FUN_00047208,0001c500,FUN_0001c500
00047208,FUN_00047208,0001a570,FUN_0001a570
00047208,FUN_00047208,00033950,FUN_00033950
00047208,FUN_00047208,0002caa8,FUN_0002caa8
00047208,FUN_00047208,000469a8,FUN_000469a8
00047208,FUN_00047208,000470f8,FUN_000470f8
00047208,FUN_00047208,0003c6e8,FUN_0003c6e8
00047208,FUN_00047208,0002d974,FUN_0002d974
00047370,FUN_00047370,00061cf6,FUN_00061cf6
00047370,FUN_00047370,0006225a,FUN_0006225a
00047370,FUN_00047370,00062003,FUN_00062003
00047370,FUN_00047370,0001e75c,FUN_0001e75c
00047370,FUN_00047370,00061ec0,FUN_00061ec0
00047370,FUN_00047370,0001d290,FUN_0001d290
00047370,FUN_00047370,0001e6d8,FUN_0001e6d8
00047370,FUN_00047370,00062356,FUN_00062356
00047370,FUN_00047370,0001e808,FUN_0001e808
00047370,FUN_00047370,00061c60,FUN_00061c60
00047370,FUN_00047370,0001c308,FUN_0001c308
000474e4,FUN_000474e4,0001e75c,FUN_0001e75c
000474e4,FUN_000474e4,0001e808,FUN_0001e808
00047a00,FUN_00047a00,0003c358,FUN_0003c358
00047a00,FUN_00047a00,0002ae14,FUN_0002ae14
00047a00,FUN_00047a00,00033950,FUN_00033950
00047a00,FUN_00047a00,0003c208,FUN_0003c208
00047a00,FUN_00047a00,00039834,FUN_00039834
00047a00,FUN_00047a00,0002c3fc,FUN_0002c3fc
00047a00,FUN_00047a00,00039a10,FUN_00039a10
00047a00,FUN_00047a00,0003c480,FUN_0003c480
00047b04,FUN_00047b04,00039fb0,FUN_00039fb0
00047b04,FUN_00047b04,00033950,FUN_00033950
00047b04,FUN_00047b04,00036870,FUN_00036870
00047b04,FUN_00047b04,00039834,FUN_00039834
00047b04,FUN_00047b04,00047a00,FUN_00047a00
00048aac,FUN_00048aac,00033950,FUN_00033950
00048aac,FUN_00048aac,0003c190,FUN_0003c190
00048aac,FUN_00048aac,000370f0,FUN_000370f0
00048aac,FUN_00048aac,0002bc30,FUN_0002bc30
00048aac,FUN_00048aac,000380c4,FUN_000380c4
00048aac,FUN_00048aac,000188dc,FUN_000188dc
00048aac,FUN_00048aac,0002c3fc,FUN_0002c3fc
00048c4c,FUN_00048c4c,0002c3fc,FUN_0002c3fc
00048c4c,FUN_00048c4c,000249c0,FUN_000249c0
00048d94,FUN_00048d94,0002ae14,FUN_0002ae14
00048d94,FUN_00048d94,00048c4c,FUN_00048c4c
00048d94,FUN_00048d94,00033950,FUN_00033950
00048d94,FUN_00048d94,0002a17c,FUN_0002a17c
00048d94,FUN_00048d94,000370f0,FUN_000370f0
00048d94,FUN_00048d94,0002bc30,FUN_0002bc30
00048d94,FUN_00048d94,0005d7dc,FUN_0005d7dc
00048d94,FUN_00048d94,00029c08,FUN_00029c08
00049300,FUN_00049300,000249c0,FUN_000249c0
00049388,FUN_00049388,0005d7dc,FUN_0005d7dc
000493f0,FUN_000493f0,0002be00,FUN_0002be00
00049444,FUN_00049444,000249b0,FUN_000249b0
00049444,FUN_00049444,0002b150,FUN_0002b150
00049444,FUN_00049444,000249d0,FUN_000249d0
000494a8,FUN_000494a8,0002ae14,FUN_0002ae14
000494a8,FUN_000494a8,000249b0,FUN_000249b0
000494a8,FUN_000494a8,00029cdc,FUN_00029cdc
000494a8,FUN_000494a8,0005d7dc,FUN_0005d7dc
000494a8,FUN_000494a8,0004cf20,FUN_0004cf20
000494a8,FUN_000494a8,000249d0,FUN_000249d0
000494a8,FUN_000494a8,000496ac,FUN_000496ac
000494a8,FUN_000494a8,00049388,FUN_00049388
000496dc,FUN_000496dc,0002ae14,FUN_0002ae14
000496dc,FUN_000496dc,000249b0,FUN_000249b0
000496dc,FUN_000496dc,0002bc30,FUN_0002bc30
000496dc,FUN_000496dc,00029cdc,FUN_00029cdc
000496dc,FUN_000496dc,0005d7dc,FUN_0005d7dc
000496dc,FUN_000496dc,000249d0,FUN_000249d0
000496dc,FUN_000496dc,000496ac,FUN_000496ac
000496dc,FUN_000496dc,00049388,FUN_00049388
0004987c,FUN_0004987c,0002ae14,FUN_0002ae14
0004987c,FUN_0004987c,0002be4c,FUN_0002be4c
0004987c,FUN_0004987c,0004b144,FUN_0004b144
0004987c,FUN_0004987c,0002be00,FUN_0002be00
0004987c,FUN_0004987c,000249b0,FUN_000249b0
0004987c,FUN_0004987c,00029cdc,FUN_00029cdc
0004987c,FUN_0004987c,0005d7dc,FUN_0005d7dc
0004987c,FUN_0004987c,000249d0,FUN_000249d0
0004987c,FUN_0004987c,000496ac,FUN_000496ac
0004987c,FUN_0004987c,00049388,FUN_00049388
00049c78,FUN_00049c78,000496dc,FUN_000496dc
00049c78,FUN_00049c78,0004a868,FUN_0004a868
00049c78,FUN_00049c78,0002be1c,FUN_0002be1c
00049c78,FUN_00049c78,0004a634,FUN_0004a634
00049c78,FUN_00049c78,000493f0,FUN_000493f0
00049c78,FUN_00049c78,0004aad0,FUN_0004aad0
00049c78,FUN_00049c78,0004af04,FUN_0004af04
00049c78,FUN_00049c78,0004bd4c,FUN_0004bd4c
00049c78,FUN_00049c78,0004a7d4,FUN_0004a7d4
00049c78,FUN_00049c78,0002be00,FUN_0002be00
00049c78,FUN_00049c78,0004a928,FUN_0004a928
00049c78,FUN_00049c78,0004b69c,FUN_0004b69c
00049c78,FUN_00049c78,0002bc30,FUN_0002bc30
00049c78,FUN_00049c78,0004987c,FUN_0004987c
00049c78,FUN_00049c78,0004ac38,FUN_0004ac38
00049c78,FUN_00049c78,0005d7dc,FUN_0005d7dc
00049c78,FUN_00049c78,0002b150,FUN_0002b150
00049c78,FUN_00049c78,0002c3fc,FUN_0002c3fc
00049c78,FUN_00049c78,0004b470,FUN_0004b470
00049c78,FUN_00049c78,0004b430,FUN_0004b430
00049c78,FUN_00049c78,000496ac,FUN_000496ac
00049c78,FUN_00049c78,0004b2ac,FUN_0004b2ac
0004a634,FUN_0004a634,0005d7dc,FUN_0005d7dc
0004a634,FUN_0004a634,0002c3fc,FUN_0002c3fc
0004a708,FUN_0004a708,0004b3f0,FUN_0004b3f0
0004a708,FUN_0004a708,0004b430,FUN_0004b430
0004a868,FUN_0004a868,0002be00,FUN_0002be00
0004a8a8,FUN_0004a8a8,0002be00,FUN_0002be00
0004a928,FUN_0004a928,0002be00,FUN_0002be00
0004a928,FUN_0004a928,0004aa6c,FUN_0004aa6c
0004aa6c,FUN_0004aa6c,0002be00,FUN_0002be00
0004aad0,FUN_0004aad0,0004b144,FUN_0004b144
0004aad0,FUN_0004aad0,0004bd4c,FUN_0004bd4c
0004aad0,FUN_0004aad0,0002be00,FUN_0002be00
0004aad0,FUN_0004aad0,0002be1c,FUN_0002be1c
0004aad0,FUN_0004aad0,0004b3f0,FUN_0004b3f0
0004aad0,FUN_0004aad0,0004b5a8,FUN_0004b5a8
0004aad0,FUN_0004aad0,0004b430,FUN_0004b430
0004ac38,FUN_0004ac38,0002bc30,FUN_0002bc30
0004b144,FUN_0004b144,0002be4c,FUN_0002be4c
0004b144,FUN_0004b144,0002be00,FUN_0002be00
0004b144,FUN_0004b144,0002bc30,FUN_0002bc30
0004b144,FUN_0004b144,0005d7dc,FUN_0005d7dc
0004b2ac,FUN_0004b2ac,0002be4c,FUN_0002be4c
0004b2ac,FUN_0004b2ac,0002bc30,FUN_0002bc30
0004b2ac,FUN_0004b2ac,0005d7dc,FUN_0005d7dc
0004b3f0,FUN_0004b3f0,0002bc30,FUN_0002bc30
0004b430,FUN_0004b430,0002bc30,FUN_0002bc30
0004b470,FUN_0004b470,0002ae14,FUN_0002ae14
0004b470,FUN_0004b470,0001a570,FUN_0001a570
0004b470,FUN_0004b470,0004bd98,FUN_0004bd98
0004b470,FUN_0004b470,0002bc30,FUN_0002bc30
0004b470,FUN_0004b470,0002c3fc,FUN_0002c3fc
0004b470,FUN_0004b470,0004cb18,FUN_0004cb18
0004b5a8,FUN_0004b5a8,0002be4c,FUN_0002be4c
0004b5a8,FUN_0004b5a8,0002be00,FUN_0002be00
0004b5a8,FUN_0004b5a8,0002bc30,FUN_0002bc30
0004b69c,FUN_0004b69c,00017d30,FUN_00017d30
0004b69c,FUN_0004b69c,0004b788,FUN_0004b788
0004b69c,FUN_0004b69c,0004b470,FUN_0004b470
0004b788,FUN_0004b788,0002bd20,FUN_0002bd20
0004b788,FUN_0004b788,0002bc30,FUN_0002bc30
0004b788,FUN_0004b788,0002b150,FUN_0002b150
0004b788,FUN_0004b788,0002c3fc,FUN_0002c3fc
0004b788,FUN_0004b788,000496ac,FUN_000496ac
0004b9ac,FUN_0004b9ac,0002ae14,FUN_0002ae14
0004b9ac,FUN_0004b9ac,000249b0,FUN_000249b0
0004b9ac,FUN_0004b9ac,0002bc30,FUN_0002bc30
0004b9ac,FUN_0004b9ac,00029cdc,FUN_00029cdc
0004b9ac,FUN_0004b9ac,0005d7dc,FUN_0005d7dc
0004b9ac,FUN_0004b9ac,000249d0,FUN_000249d0
0004b9ac,FUN_0004b9ac,000496ac,FUN_000496ac
0004bd4c,FUN_0004bd4c,0002bc30,FUN_0002bc30
0004bd98,FUN_0004bd98,0002ae14,FUN_0002ae14
0004bd98,FUN_0004bd98,0002bc30,FUN_0002bc30
0004bd98,FUN_0004bd98,00013134,FUN_00013134
0004bf18,FUN_0004bf18,0004cd98,FUN_0004cd98
0004bf18,FUN_0004bf18,0002f510,FUN_0002f510
0004bf18,FUN_0004bf18,0001c500,FUN_0001c500
0004bf18,FUN_0004bf18,0004a868,FUN_0004a868
0004bf18,FUN_0004bf18,000493f0,FUN_000493f0
0004bf18,FUN_0004bf18,0002f434,FUN_0002f434
0004bf18,FUN_0004bf18,0002f528,FUN_0002f528
0004bf18,FUN_0004bf18,0001a570,FUN_0001a570
0004bf18,FUN_0004bf18,0004cc0c,FUN_0004cc0c
0004bf18,FUN_0004bf18,0004b3f0,FUN_0004b3f0
0004bf18,FUN_0004bf18,0002bc30,FUN_0002bc30
0004bf18,FUN_0004bf18,0004ac38,FUN_0004ac38
0004bf18,FUN_0004bf18,0002b150,FUN_0002b150
0004bf18,FUN_0004bf18,0004b430,FUN_0004b430
0004bf18,FUN_0004bf18,0002c3fc,FUN_0002c3fc
0004bf18,FUN_0004bf18,000496ac,FUN_000496ac
0004bf18,FUN_0004bf18,0004c60c,FUN_0004c60c
0004c60c,FUN_0004c60c,00017d30,FUN_00017d30
0004c60c,FUN_0004c60c,0004c784,FUN_0004c784
0004c60c,FUN_0004c60c,0004cb18,FUN_0004cb18
0004c784,FUN_0004c784,0002f510,FUN_0002f510
0004c784,FUN_0004c784,0002be4c,FUN_0002be4c
0004c784,FUN_0004c784,0001c500,FUN_0001c500
0004c784,FUN_0004c784,000249d0,FUN_000249d0
0004c784,FUN_0004c784,0002ae14,FUN_0002ae14
0004c784,FUN_0004c784,0002be00,FUN_0002be00
0004c784,FUN_0004c784,0004cc0c,FUN_0004cc0c
0004c784,FUN_0004c784,000249b0,FUN_000249b0
0004c784,FUN_0004c784,0002bc30,FUN_0002bc30
0004c784,FUN_0004c784,00029cdc,FUN_00029cdc
0004c784,FUN_0004c784,0002b150,FUN_0002b150
0004c784,FUN_0004c784,0002c3fc,FUN_0002c3fc
0004c784,FUN_0004c784,000496ac,FUN_000496ac
0004c784,FUN_0004c784,00049388,FUN_00049388
0004cb18,FUN_0004cb18,0001a570,FUN_0001a570
0004cb18,FUN_0004cb18,0002bc30,FUN_0002bc30
0004cb18,FUN_0004cb18,0002c3fc,FUN_0002c3fc
0004cc0c,FUN_0004cc0c,0002f4bc,FUN_0002f4bc
0004cc0c,FUN_0004cc0c,0002f510,FUN_0002f510
0004cc0c,FUN_0004cc0c,0001c500,FUN_0001c500
0004cd98,FUN_0004cd98,0002f510,FUN_0002f510
0004cd98,FUN_0004cd98,0001c500,FUN_0001c500
0004cd98,FUN_0004cd98,0002b150,FUN_0002b150
0004cf20,FUN_0004cf20,0002ae14,FUN_0002ae14
0004cf20,FUN_0004cf20,000249b0,FUN_000249b0
0004cf20,FUN_0004cf20,00029cdc,FUN_00029cdc
0004cf20,FUN_0004cf20,0005d7dc,FUN_0005d7dc
0004cf20,FUN_0004cf20,000249d0,FUN_000249d0
0004cf20,FUN_0004cf20,000496ac,FUN_000496ac
0004cf20,FUN_0004cf20,00049388,FUN_00049388
0004d108,FUN_0004d108,0002bc30,FUN_0002bc30
0004d108,FUN_0004d108,0005d7dc,FUN_0005d7dc
0004d150,FUN_0004d150,0002be4c,FUN_0002be4c
0004d150,FUN_0004d150,0002be00,FUN_0002be00
0004d150,FUN_0004d150,0002bc30,FUN_0002bc30
0004d150,FUN_0004d150,0005d7dc,FUN_0005d7dc
0004d224,FUN_0004d224,0004d150,FUN_0004d150
0004d224,FUN_0004d224,0004d108,FUN_0004d108
0004d224,FUN_0004d224,0004bd4c,FUN_0004bd4c
0004d224,FUN_0004d224,0004b3f0,FUN_0004b3f0
0004d224,FUN_0004d224,0004b430,FUN_0004b430
0004d2d0,FUN_0004d2d0,0004d224,FUN_0004d224
0004d2d0,FUN_0004d2d0,0004bd4c,FUN_0004bd4c
0004d2d0,FUN_0004d2d0,0002be1c,FUN_0002be1c
0004d2d0,FUN_0004d2d0,0004d7a4,FUN_0004d7a4
0004d2d0,FUN_0004d2d0,0002bc30,FUN_0002bc30
0004d2d0,FUN_0004d2d0,0004987c,FUN_0004987c
0004d2d0,FUN_0004d2d0,0004ac38,FUN_0004ac38
0004d2d0,FUN_0004d2d0,0005d7dc,FUN_0005d7dc
0004d2d0,FUN_0004d2d0,0002b150,FUN_0002b150
0004d2d0,FUN_0004d2d0,000496ac,FUN_000496ac
0004d7a4,FUN_0004d7a4,00017d30,FUN_00017d30
0004d7a4,FUN_0004d7a4,0004d898,FUN_0004d898
0004d7a4,FUN_0004d7a4,0004b470,FUN_0004b470
0004d898,FUN_0004d898,0002bd20,FUN_0002bd20
0004d898,FUN_0004d898,0002bc30,FUN_0002bc30
0004d898,FUN_0004d898,0002b150,FUN_0002b150
0004d898,FUN_0004d898,0002c3fc,FUN_0002c3fc
0004d898,FUN_0004d898,000496ac,FUN_000496ac
0004dbec,FUN_0004dbec,0002ae14,FUN_0002ae14
0004dbec,FUN_0004dbec,0002be4c,FUN_0002be4c
0004dbec,FUN_0004dbec,0002be00,FUN_0002be00
0004dbec,FUN_0004dbec,000249b0,FUN_000249b0
0004dbec,FUN_0004dbec,0002bc30,FUN_0002bc30
0004dbec,FUN_0004dbec,00029cdc,FUN_00029cdc
0004dbec,FUN_0004dbec,0005d7dc,FUN_0005d7dc
0004dbec,FUN_0004dbec,000249d0,FUN_000249d0
0004dbec,FUN_0004dbec,000496ac,FUN_000496ac
0004dbec,FUN_0004dbec,00049388,FUN_00049388
0004def4,FUN_0004def4,0004a868,FUN_0004a868
0004def4,FUN_0004def4,0002bc30,FUN_0002bc30
0004def4,FUN_0004def4,0005d7dc,FUN_0005d7dc
0004def4,FUN_0004def4,0002c3fc,FUN_0002c3fc
0004e11c,FUN_0004e11c,0004e350,FUN_0004e350
0004e11c,FUN_0004e11c,0002f510,FUN_0002f510
0004e11c,FUN_0004e11c,0001c500,FUN_0001c500
0004e11c,FUN_0004e11c,00038154,FUN_00038154
0004e11c,FUN_0004e11c,00034d8c,FUN_00034d8c
0004e27c,FUN_0004e27c,0002bc30,FUN_0002bc30
0004e350,FUN_0004e350,0002ae14,FUN_0002ae14
0004e350,FUN_0004e350,0004e27c,FUN_0004e27c
0004e350,FUN_0004e350,000249b0,FUN_000249b0
0004e350,FUN_0004e350,0002bc30,FUN_0002bc30
0004e350,FUN_0004e350,00029cdc,FUN_00029cdc
0004e350,FUN_0004e350,0005d7dc,FUN_0005d7dc
0004e350,FUN_0004e350,000249d0,FUN_000249d0
0004e5a4,FUN_0004e5a4,0002ae14,FUN_0002ae14
0004e5a4,FUN_0004e5a4,0002bc30,FUN_0002bc30
0004e5a4,FUN_0004e5a4,00017d30,FUN_00017d30
0004e67c,FUN_0004e67c,0004e350,FUN_0004e350
0004e67c,FUN_0004e67c,0002be00,FUN_0002be00
0004e67c,FUN_0004e67c,00049444,FUN_00049444
0004e67c,FUN_0004e67c,0004a808,FUN_0004a808
0004e67c,FUN_0004e67c,0002bc30,FUN_0002bc30
0004e67c,FUN_0004e67c,0004ebb8,FUN_0004ebb8
0004e67c,FUN_0004e67c,0004a8a8,FUN_0004a8a8
0004e67c,FUN_0004e67c,0005d7dc,FUN_0005d7dc
0004e67c,FUN_0004e67c,0004e5a4,FUN_0004e5a4
0004e67c,FUN_0004e67c,0004e99c,FUN_0004e99c
0004e99c,FUN_0004e99c,00034d8c,FUN_00034d8c
0004e99c,FUN_0004e99c,0002c3fc,FUN_0002c3fc
0004ebb8,FUN_0004ebb8,0002f510,FUN_0002f510
0004ebb8,FUN_0004ebb8,0002f4d0,FUN_0002f4d0
0004ebb8,FUN_0004ebb8,0001c500,FUN_0001c500
0004ebb8,FUN_0004ebb8,0002f174,FUN_0002f174
0004ef8c,FUN_0004ef8c,0002f510,FUN_0002f510
0004ef8c,FUN_0004ef8c,0001c500,FUN_0001c500
0004ef8c,FUN_0004ef8c,00065624,FUN_00065624
0004ef8c,FUN_0004ef8c,0002bc30,FUN_0002bc30
0004ef8c,FUN_0004ef8c,0004ebb8,FUN_0004ebb8
0004ef8c,FUN_0004ef8c,0002f388,FUN_0002f388
0004f0fc,FUN_0004f0fc,0002f510,FUN_0002f510
0004f0fc,FUN_0004f0fc,0001c500,FUN_0001c500
0004f0fc,FUN_0004f0fc,0002f388,FUN_0002f388
0004f1e4,FUN_0004f1e4,0002ea30,FUN_0002ea30
0004f200,FUN_0004f200,0002baf4,FUN_0002baf4
0004f200,FUN_0004f200,0004f1d0,FUN_0004f1d0
0004f24c,FUN_0004f24c,0004f790,FUN_0004f790
0004f2b0,FUN_0004f2b0,0004f790,FUN_0004f790
0004f318,FUN_0004f318,0004f790,FUN_0004f790
0004f37c,FUN_0004f37c,0002f198,FUN_0002f198
0004f37c,FUN_0004f37c,0002f528,FUN_0002f528
0004f434,FUN_0004f434,00046534,FUN_00046534
0004f4e8,FUN_0004f4e8,0002f4d0,FUN_0002f4d0
0004f4e8,FUN_0004f4e8,0002c3fc,FUN_0002c3fc
0004f4e8,FUN_0004f4e8,0002f528,FUN_0002f528
0004f644,FUN_0004f644,00050161,FUN_00050161
0004f644,FUN_0004f644,0002d2f0,FUN_0002d2f0
0004f714,FUN_0004f714,0002c3fc,FUN_0002c3fc
0004f728,FUN_0004f728,0002c3fc,FUN_0002c3fc
0004f790,FUN_0004f790,0004f778,FUN_0004f778
0004f7f4,FUN_0004f7f4,00033874,FUN_00033874
0004f9a0,FUN_0004f9a0,0004f9e4,FUN_0004f9e4
0004f9c8,FUN_0004f9c8,0004fa88,FUN_0004fa88
0004f9e4,FUN_0004f9e4,0002baf4,FUN_0002baf4
0004f9e4,FUN_0004f9e4,0002ae14,FUN_0002ae14
0004f9e4,FUN_0004f9e4,00010d70,FUN_00010d70
0004f9e4,FUN_0004f9e4,0002b150,FUN_0002b150
0004fa88,FUN_0004fa88,0002ae14,FUN_0002ae14
0004fa88,FUN_0004fa88,00010d70,FUN_00010d70
0004fa88,FUN_0004fa88,0002b150,FUN_0002b150
0005004a,FUN_0005004a,0004fc05,FUN_0004fc05
0005004a,FUN_0005004a,0004fcfd,FUN_0004fcfd
0005004a,FUN_0005004a,00050021,FUN_00050021
00051e5c,FUN_00051e5c,0001b544,FUN_0001b544
00051ed8,FUN_00051ed8,0001b544,FUN_0001b544
00052106,FUN_00052106,00051f72,FUN_00051f72
0005d815,FUN_0005d815,00010830,FUN_00010830
0005d851,FUN_0005d851,0006603e,FUN_0006603e
0005d851,FUN_0005d851,0005d815,FUN_0005d815
0005d86a,FUN_0005d86a,0006616a,FUN_0006616a
0005d87e,FUN_0005d87e,00065b43,FUN_00065b43
0005d8ab,FUN_0005d8ab,00066264,FUN_00066264
0005d8bf,FUN_0005d8bf,00066271,FUN_00066271
0005d8d3,FUN_0005d8d3,00066595,FUN_00066595
0005d8fc,FUN_0005d8fc,000665c1,FUN_000665c1
0005d91b,FUN_0005d91b,00066853,FUN_00066853
0005d936,FUN_0005d936,00066898,FUN_00066898
0005d958,FUN_0005d958,0006689c,FUN_0006689c
0005d973,FUN_0005d973,00066903,FUN_00066903
0005d9a8,FUN_0005d9a8,000669dd,FUN_000669dd
0005d9c3,FUN_0005d9c3,00066a1a,FUN_00066a1a
0005d9e5,FUN_0005d9e5,00065827,FUN_00065827
0005da12,FUN_0005da12,00066a26,FUN_00066a26
0005da3b,FUN_0005da3b,00066a6d,FUN_00066a6d
0005da68,FUN_0005da68,00066b88,FUN_00066b88
0005da87,FUN_0005da87,00066bb8,FUN_00066bb8
0005daa6,FUN_0005daa6,00066ae0,FUN_00066ae0
0005dac3,FUN_0005dac3,00066b34,FUN_00066b34
0005dadc,FUN_0005dadc,00066a95,FUN_00066a95
0005daf7,FUN_0005daf7,00066abc,FUN_00066abc
0005db0b,FUN_0005db0b,00065f88,FUN_00065f88
0005db34,FUN_0005db34,00065b7b,FUN_00065b7b
0005db61,FUN_0005db61,00065e9f,FUN_00065e9f
0005db7c,FUN_0005db7c,00067e10,FUN_00067e10
0005db9e,FUN_0005db9e,00067d90,FUN_00067d90
0005dbcb,FUN_0005dbcb,00067e60,FUN_00067e60
0005dbf4,FUN_0005dbf4,00067ed0,FUN_00067ed0
0005dc0f,FUN_0005dc0f,00067ef0,FUN_00067ef0
0005dc2a,FUN_0005dc2a,00067fb0,FUN_00067fb0
0005dc4d,FUN_0005dc4d,00067fe0,FUN_00067fe0
0005dc70,FUN_0005dc70,00068070,FUN_00068070
0005dc8b,FUN_0005dc8b,000680f0,FUN_000680f0
0005dca6,FUN_0005dca6,00068010,FUN_00068010
0005dcc5,FUN_0005dcc5,00068030,FUN_00068030
0005dce4,FUN_0005dce4,00068050,FUN_00068050
0005dd03,FUN_0005dd03,00067fa0,FUN_00067fa0
0005dd2c,FUN_0005dd2c,00068180,FUN_00068180
0005dd5d,FUN_0005dd5d,000682a0,FUN_000682a0
0005dd86,FUN_0005dd86,00068220,FUN_00068220
0005ddad,FUN_0005ddad,00068140,FUN_00068140
0005ddd0,FUN_0005ddd0,0006a350,FUN_0006a350
0005ddf2,FUN_0005ddf2,0006a2d0,FUN_0006a2d0
0005de1f,FUN_0005de1f,0006a3a0,FUN_0006a3a0
0005de48,FUN_0005de48,0006a410,FUN_0006a410
0005de79,FUN_0005de79,0006a780,FUN_0006a780
0005de94,FUN_0005de94,0006a7c0,FUN_0006a7c0
0005deaf,FUN_0005deaf,0006a8a0,FUN_0006a8a0
0005deca,FUN_0005deca,0006a8d0,FUN_0006a8d0
0005deed,FUN_0005deed,0006a950,FUN_0006a950
0005df16,FUN_0005df16,0006a960,FUN_0006a960
0005df35,FUN_0005df35,0006a9f0,FUN_0006a9f0
0005df5e,FUN_0005df5e,0006ab80,FUN_0006ab80
0005df7d,FUN_0005df7d,0006aca0,FUN_0006aca0
0005dfa5,FUN_0005dfa5,000108e8,FUN_000108e8
0005e400,FUN_0005e400,0005e394,FUN_0005e394
0005e400,FUN_0005e400,0005e000,FUN_0005e000
0005e400,FUN_0005e400,0005e09b,FUN_0005e09b
0005e4e8,FUN_0005e4e8,0005e488,FUN_0005e488
0005e4e8,FUN_0005e4e8,0005e4b8,FUN_0005e4b8
0005e4e8,FUN_0005e4e8,0005e400,FUN_0005e400
0005f758,FUN_0005f758,0005e6d9,FUN_0005e6d9
00060a90,FUN_00060a90,0005e000,FUN_0005e000
00061423,FUN_00061423,0006b36f,FUN_0006b36f
00061423,FUN_00061423,0006b52a,FUN_0006b52a
00061423,FUN_00061423,0006add8,FUN_0006add8
00061506,FUN_00061506,0006ae80,FUN_0006ae80
00061564,FUN_00061564,00061a88,FUN_00061a88
00061564,FUN_00061564,00061ab0,FUN_00061ab0
0006157f,FUN_0006157f,000615a3,FUN_000615a3
000615a3,FUN_000615a3,0006b5f8,FUN_0006b5f8
000615a3,FUN_000615a3,0006b550,FUN_0006b550
000615a3,FUN_000615a3,0006b592,FUN_0006b592
000615a3,FUN_000615a3,0006b64d,FUN_0006b64d
000615a3,FUN_000615a3,0006b52d,FUN_0006b52d
00061768,FUN_00061768,0006b5f8,FUN_0006b5f8
00061768,FUN_00061768,0006b592,FUN_0006b592
00061768,FUN_00061768,0006b64d,FUN_0006b64d
000617cd,FUN_000617cd,0006b662,FUN_0006b662
0006180f,FUN_0006180f,0006b662,FUN_0006b662
0006180f,FUN_0006180f,0006b5f8,FUN_0006b5f8
0006180f,FUN_0006180f,0006b550,FUN_0006b550
0006180f,FUN_0006180f,0006b592,FUN_0006b592
00061923,FUN_00061923,0006b58d,FUN_0006b58d
00061998,FUN_00061998,00062386,FUN_00062386
00061998,FUN_00061998,0006b550,FUN_0006b550
00061998,FUN_00061998,00061423,FUN_00061423
00061a22,FUN_00061a22,0006b592,FUN_0006b592
00061a70,FUN_00061a70,00065490,FUN_00065490
00061ab0,FUN_00061ab0,0006b9d0,FUN_0006b9d0
00061ac9,FUN_00061ac9,0006bdae,FUN_0006bdae
00061ac9,FUN_00061ac9,0006b550,FUN_0006b550
00061b7d,FUN_00061b7d,0006bdae,FUN_0006bdae
00061b7d,FUN_00061b7d,0006225a,FUN_0006225a
00061b7d,FUN_00061b7d,00061ac9,FUN_00061ac9
00061b7d,FUN_00061b7d,0006be64,FUN_0006be64
00061b7d,FUN_00061b7d,0006bebb,FUN_0006bebb
00061b7d,FUN_00061b7d,000615a3,FUN_000615a3
00061c45,FUN_00061c45,00061b7d,FUN_00061b7d
00061c45,FUN_00061c45,0006bdbc,FUN_0006bdbc
00061c60,FUN_00061c60,00061c45,FUN_00061c45
00061cf6,FUN_00061cf6,0006beec,FUN_0006beec
00061cf6,FUN_00061cf6,0006b550,FUN_0006b550
00061cf6,FUN_00061cf6,0006bf63,FUN_0006bf63
00061cf6,FUN_00061cf6,0006c03a,FUN_0006c03a
00061ec0,FUN_00061ec0,00061eef,FUN_00061eef
00061eef,FUN_00061eef,00061f79,FUN_00061f79
00061eef,FUN_00061eef,0006be64,FUN_0006be64
00061f10,FUN_00061f10,00061f04,FUN_00061f04
00061f10,FUN_00061f10,0006c0e5,FUN_0006c0e5
00061f79,FUN_00061f79,0006b6a3,FUN_0006b6a3
00061f79,FUN_00061f79,0006b662,FUN_0006b662
00061f79,FUN_00061f79,00062356,FUN_00062356
00061f79,FUN_00061f79,0006c1aa,thunk_FUN_00072c35
00061f79,FUN_00061f79,0006c0eb,FUN_0006c0eb
00061f79,FUN_00061f79,00061506,FUN_00061506
00061f79,FUN_00061f79,00061f10,FUN_00061f10
00062003,FUN_00062003,0006201b,FUN_0006201b
00062003,FUN_00062003,00062002,FUN_00062002
0006201b,FUN_0006201b,00062002,FUN_00062002
00062031,FUN_00062031,0006beec,FUN_0006beec
00062031,FUN_00062031,0006c1af,FUN_0006c1af
00062031,FUN_00062031,0006c380,FUN_0006c380
00062031,FUN_00062031,0006b550,FUN_0006b550
00062031,FUN_00062031,0006c0eb,FUN_0006c0eb
0006225a,FUN_0006225a,00062218,FUN_00062218
0006225a,FUN_0006225a,0006b662,FUN_0006b662
0006225a,FUN_0006225a,0006c424,FUN_0006c424
0006225a,FUN_0006225a,0006b550,FUN_0006b550
0006225a,FUN_0006225a,0006c0eb,FUN_0006c0eb
00062356,FUN_00062356,0006c424,FUN_0006c424
000624d4,FUN_000624d4,0006c484,FUN_0006c484
000624d4,FUN_000624d4,0006c435,FUN_0006c435
000626ed,FUN_000626ed,0006c4cf,FUN_0006c4cf
00062734,FUN_00062734,0006c6d5,FUN_0006c6d5
00062770,FUN_00062770,0001c884,FUN_0001c884
0006279c,FUN_0006279c,00010678,FUN_00010678
0006279c,FUN_0006279c,0006c7b9,FUN_0006c7b9
0006279c,FUN_0006279c,000102b8,FUN_000102b8
00062a2c,FUN_00062a2c,0006c7b9,FUN_0006c7b9
00062a2c,FUN_00062a2c,00010510,FUN_00010510
00062a2c,FUN_00062a2c,0006c851,FUN_0006c851
00062a2c,FUN_00062a2c,0006279c,FUN_0006279c
00062c1c,FUN_00062c1c,00062a2c,FUN_00062a2c
00062c1c,FUN_00062c1c,0006279c,FUN_0006279c
00063180,FUN_00063180,00062f3c,FUN_00062f3c
00063180,FUN_00063180,00062770,FUN_00062770
00063180,FUN_00063180,0001c8cc,FUN_0001c8cc
00063180,FUN_00063180,00010034,FUN_00010034
00063180,FUN_00063180,0001013c,FUN_0001013c
00063180,FUN_00063180,0001c884,FUN_0001c884
00063180,FUN_00063180,00010024,FUN_00010024
0006345c,FUN_0006345c,0005e4e8,FUN_0005e4e8
0006345c,FUN_0006345c,0006c760,FUN_0006c760
0006345c,FUN_0006345c,0006c7b9,FUN_0006c7b9
0006345c,FUN_0006345c,0001c8cc,FUN_0001c8cc
0006345c,FUN_0006345c,00062770,FUN_00062770
0006345c,FUN_0006345c,00010610,FUN_00010610
0006345c,FUN_0006345c,0006279c,FUN_0006279c
0006345c,FUN_0006345c,00010678,FUN_00010678
0006345c,FUN_0006345c,0005e482,FUN_0005e482
0006345c,FUN_0006345c,0006c881,FUN_0006c881
0006345c,FUN_0006345c,00010684,FUN_00010684
0006345c,FUN_0006345c,00062c1c,FUN_00062c1c
0006345c,FUN_0006345c,0001c884,FUN_0001c884
0006345c,FUN_0006345c,00063180,FUN_00063180
0006345c,FUN_0006345c,0006c875,FUN_0006c875
00063ce8,FUN_00063ce8,000100c4,FUN_000100c4
00063ce8,FUN_00063ce8,0006c881,FUN_0006c881
00063ce8,FUN_00063ce8,0001c8cc,FUN_0001c8cc
00063ce8,FUN_00063ce8,00010684,FUN_00010684
00063ce8,FUN_00063ce8,00010570,FUN_00010570
00063e30,FUN_00063e30,00060a90,FUN_00060a90
00063e30,FUN_00063e30,000102b8,FUN_000102b8
000640b8,FUN_000640b8,000100dc,FUN_000100dc
000640b8,FUN_000640b8,000102b8,FUN_000102b8
00064130,FUN_00064130,00010678,FUN_00010678
00064130,FUN_00064130,000640b8,FUN_000640b8
00064130,FUN_00064130,0005f758,FUN_0005f758
00064130,FUN_00064130,00063e30,FUN_00063e30
00064130,FUN_00064130,0005e783,FUN_0005e783
000641f8,FUN_000641f8,00010678,FUN_00010678
000643cc,FUN_000643cc,00062c1c,FUN_00062c1c
000643cc,FUN_000643cc,000102b8,FUN_000102b8
000643cc,FUN_000643cc,000641f8,FUN_000641f8
000643cc,FUN_000643cc,0006279c,FUN_0006279c
000649b0,FUN_000649b0,0006122c,FUN_0006122c
000649b0,FUN_000649b0,0001c8cc,FUN_0001c8cc
000649b0,FUN_000649b0,0001c884,FUN_0001c884
00064b64,FUN_00064b64,00061354,FUN_00061354
00064ed8,FUN_00064ed8,00061243,FUN_00061243
00064ed8,FUN_00064ed8,00010678,FUN_00010678
00064ed8,FUN_00064ed8,000102b8,FUN_000102b8
00065240,FUN_00065240,00010678,FUN_00010678
00065240,FUN_00065240,000100dc,FUN_000100dc
00065240,FUN_00065240,000102b8,FUN_000102b8
00065380,FUN_00065380,0006c6d5,FUN_0006c6d5
00065431,FUN_00065431,0006c8ea,FUN_0006c8ea
00065490,FUN_00065490,000654c7,FUN_000654c7
00065546,FUN_00065546,0006c8eb,FUN_0006c8eb
000655e4,FUN_000655e4,0006559b,FUN_0006559b
0006563d,FUN_0006563d,000109a0,FUN_000109a0
0006563d,FUN_0006563d,00010830,FUN_00010830
000656e2,FUN_000656e2,0005d958,FUN_0005d958
000656e2,FUN_000656e2,0005d973,FUN_0005d973
000656e2,FUN_000656e2,0005d936,FUN_0005d936
00065739,FUN_00065739,00065624,FUN_00065624
00065739,FUN_00065739,000653ed,FUN_000653ed
00065827,FUN_00065827,0006d39f,FUN_0006d39f
00065827,FUN_00065827,00061ec0,FUN_00061ec0
00065827,FUN_00065827,00065624,FUN_00065624
00065827,FUN_00065827,0006d2e5,FUN_0006d2e5
00065827,FUN_00065827,0006d348,FUN_0006d348
00065827,FUN_00065827,00061a70,FUN_00061a70
00065827,FUN_00065827,00065739,FUN_00065739
00065827,FUN_00065827,00061c60,FUN_00061c60
00065b7b,FUN_00065b7b,0001074b,FUN_0001074b
00065b7b,FUN_00065b7b,0005d973,FUN_0005d973
00065b7b,FUN_00065b7b,0005daa6,FUN_0005daa6
00065b7b,FUN_00065b7b,0005d8fc,FUN_0005d8fc
00065b7b,FUN_00065b7b,0006d348,FUN_0006d348
00065b7b,FUN_00065b7b,0005da87,FUN_0005da87
00065b7b,FUN_00065b7b,000653a1,FUN_000653a1
00065b7b,FUN_00065b7b,000107ef,FUN_000107ef
00065b7b,FUN_00065b7b,000106e1,FUN_000106e1
00065b7b,FUN_00065b7b,0001071d,FUN_0001071d
00065b7b,FUN_00065b7b,0005da12,FUN_0005da12
00065b7b,FUN_00065b7b,0005d8d3,FUN_0005d8d3
00065b7b,FUN_00065b7b,0005da3b,FUN_0005da3b
00065e9f,FUN_00065e9f,000107ef,FUN_000107ef
00065e9f,FUN_00065e9f,0005d91b,FUN_0005d91b
00065e9f,FUN_00065e9f,0005d973,FUN_0005d973
00065e9f,FUN_00065e9f,0005dadc,FUN_0005dadc
00065e9f,FUN_00065e9f,0005d8fc,FUN_0005d8fc
00065e9f,FUN_00065e9f,0001071d,FUN_0001071d
00065f88,FUN_00065f88,0006d3be,FUN_0006d3be
00065f88,FUN_00065f88,00062386,FUN_00062386
00065f88,FUN_00065f88,0005d973,FUN_0005d973
0006603e,FUN_0006603e,0006563d,FUN_0006563d
0006603e,FUN_0006603e,0006646c,FUN_0006646c
0006603e,FUN_0006603e,0005d87e,FUN_0005d87e
0006616a,FUN_0006616a,0006655a,FUN_0006655a
0006616a,FUN_0006616a,0005daf7,FUN_0005daf7
0006616a,FUN_0006616a,0005db61,FUN_0005db61
000661c4,FUN_000661c4,000108e8,FUN_000108e8
000661c4,FUN_000661c4,000109ca,FUN_000109ca
000663d4,FUN_000663d4,000663a4,FUN_000663a4
00066407,FUN_00066407,0005d8bf,FUN_0005d8bf
00066407,FUN_00066407,0005d8ab,FUN_0005d8ab
00066407,FUN_00066407,000663d4,FUN_000663d4
0006646c,FUN_0006646c,0005da68,FUN_0005da68
0006646c,FUN_0006646c,00066c36,FUN_00066c36
0006655a,FUN_0006655a,000663a4,FUN_000663a4
00066903,FUN_00066903,0005d8bf,FUN_0005d8bf
00066903,FUN_00066903,0005d8ab,FUN_0005d8ab
00066a26,FUN_00066a26,0005d8bf,FUN_0005d8bf
00066a26,FUN_00066a26,0005d8ab,FUN_0005d8ab
00066a6d,FUN_00066a6d,0005d8bf,FUN_0005d8bf
00066a6d,FUN_00066a6d,0005d8ab,FUN_0005d8ab
00066a95,FUN_00066a95,0005d8bf,FUN_0005d8bf
00066a95,FUN_00066a95,0005d8ab,FUN_0005d8ab
00066abc,FUN_00066abc,0005d8bf,FUN_0005d8bf
00066abc,FUN_00066abc,0005d8ab,FUN_0005d8ab
00066abc,FUN_00066abc,0005dadc,FUN_0005dadc
00066ae0,FUN_00066ae0,0005d8bf,FUN_0005d8bf
00066ae0,FUN_00066ae0,0005d8ab,FUN_0005d8ab
00066b34,FUN_00066b34,0005d8bf,FUN_0005d8bf
00066b34,FUN_00066b34,0005d8ab,FUN_0005d8ab
00066b88,FUN_00066b88,0005d8bf,FUN_0005d8bf
00066b88,FUN_00066b88,0005d8ab,FUN_0005d8ab
00066b88,FUN_00066b88,00066407,FUN_00066407
00066bb8,FUN_00066bb8,0005da68,FUN_0005da68
00066bb8,FUN_00066bb8,0005d8bf,FUN_0005d8bf
00066bb8,FUN_00066bb8,0005d8ab,FUN_0005d8ab
00066c36,FUN_00066c36,00010830,FUN_00010830
00066c60,FUN_00066c60,000109a0,FUN_000109a0
00066c60,FUN_00066c60,00010830,FUN_00010830
00066c60,FUN_00066c60,0006f3df,FUN_0006f3df
00066d31,FUN_00066d31,0005d973,FUN_0005d973
00066d81,FUN_00066d81,0005d973,FUN_0005d973
00067130,FUN_00067130,0006f3b3,FUN_0006f3b3
00067130,FUN_00067130,0005d973,FUN_0005d973
00067130,FUN_00067130,0006f321,FUN_0006f321
00067580,FUN_00067580,0005d973,FUN_0005d973
00067682,FUN_00067682,0006f3b3,FUN_0006f3b3
00067682,FUN_00067682,000107ef,FUN_000107ef
00067682,FUN_00067682,0005d973,FUN_0005d973
00067682,FUN_00067682,0005d9a8,FUN_0005d9a8
00067682,FUN_00067682,0005dadc,FUN_0005dadc
00067682,FUN_00067682,0001071d,FUN_0001071d
00067682,FUN_00067682,0006f321,FUN_0006f321
00067730,FUN_00067730,0005db0b,FUN_0005db0b
00067730,FUN_00067730,0006f3b3,FUN_0006f3b3
00067730,FUN_00067730,0001074b,FUN_0001074b
00067730,FUN_00067730,0005d973,FUN_0005d973
00067730,FUN_00067730,0005daa6,FUN_0005daa6
00067730,FUN_00067730,00067130,FUN_00067130
00067730,FUN_00067730,00067580,FUN_00067580
00067730,FUN_00067730,0005da87,FUN_0005da87
00067730,FUN_00067730,0006f321,FUN_0006f321
00067730,FUN_00067730,000107ef,FUN_000107ef
00067730,FUN_00067730,00066c60,FUN_00066c60
00067730,FUN_00067730,0005d91b,FUN_0005d91b
00067730,FUN_00067730,000106e1,FUN_000106e1
00067730,FUN_00067730,0001071d,FUN_0001071d
00067730,FUN_00067730,00061a70,FUN_00061a70
00067730,FUN_00067730,0005da12,FUN_0005da12
00067730,FUN_00067730,0005da3b,FUN_0005da3b
00067d90,FUN_00067d90,000109f4,FUN_000109f4
00067d90,FUN_00067d90,00067730,FUN_00067730
00067d90,FUN_00067d90,0005db34,FUN_0005db34
00067d90,FUN_00067d90,00061506,FUN_00061506
00067d90,FUN_00067d90,00010a68,FUN_00010a68
00067d90,FUN_00067d90,0005db61,FUN_0005db61
00067e10,FUN_00067e10,0005d9e5,FUN_0005d9e5
00067e10,FUN_00067e10,0005db9e,FUN_0005db9e
00067e60,FUN_00067e60,0005d8bf,FUN_0005d8bf
00067e60,FUN_00067e60,0005d8ab,FUN_0005d8ab
00067e60,FUN_00067e60,0005dc0f,FUN_0005dc0f
00067ef0,FUN_00067ef0,00066db0,FUN_00066db0
00067fe0,FUN_00067fe0,00066db0,FUN_00066db0
00068030,FUN_00068030,00066db0,FUN_00066db0
00068070,FUN_00068070,0005d973,FUN_0005d973
00068220,FUN_00068220,0005d973,FUN_0005d973
000683c0,FUN_000683c0,000109a0,FUN_000109a0
000683c0,FUN_000683c0,00010830,FUN_00010830
00068520,FUN_00068520,0005d973,FUN_0005d973
00068570,FUN_00068570,0005d973,FUN_0005d973
00068692,FUN_00068692,0005d973,FUN_0005d973
00068692,FUN_00068692,000653a1,FUN_000653a1
000687c0,FUN_000687c0,0006f40e,FUN_0006f40e
00068ab0,FUN_00068ab0,0005df5e,FUN_0005df5e
00068ab0,FUN_00068ab0,000688e0,FUN_000688e0
00068ab0,FUN_00068ab0,00068ab0,FUN_00068ab0
00068ab0,FUN_00068ab0,0005df7d,FUN_0005df7d
00068ab0,FUN_00068ab0,00068fa0,FUN_00068fa0
00068ab0,FUN_00068ab0,0005df16,FUN_0005df16
00068ab0,FUN_00068ab0,0005df35,FUN_0005df35
00068ab0,FUN_00068ab0,00068570,FUN_00068570
00068ed0,FUN_00068ed0,00068ab0,FUN_00068ab0
00068ed0,FUN_00068ed0,0005d9c3,FUN_0005d9c3
00068ed0,FUN_00068ed0,0005d973,FUN_0005d973
00068ed0,FUN_00068ed0,0005d9a8,FUN_0005d9a8
00068fa0,FUN_00068fa0,00068ab0,FUN_00068ab0
00068fa0,FUN_00068fa0,0005d973,FUN_0005d973
00069040,FUN_00069040,00068ab0,FUN_00068ab0
00069250,FUN_00069250,00061a70,FUN_00061a70
00069301,FUN_00069301,00069250,FUN_00069250
00069320,FUN_00069320,00068ab0,FUN_00068ab0
00069372,FUN_00069372,00068ab0,FUN_00068ab0
00069372,FUN_00069372,0005d973,FUN_0005d973
00069372,FUN_00069372,0005de94,FUN_0005de94
00069372,FUN_00069372,00068520,FUN_00068520
00069372,FUN_00069372,00068750,FUN_00068750
00069372,FUN_00069372,00069320,FUN_00069320
00069372,FUN_00069372,000653a1,FUN_000653a1
00069a90,FUN_00069a90,0005d973,FUN_0005d973
00069b62,FUN_00069b62,0005dadc,FUN_0005dadc
00069b62,FUN_00069b62,0005deaf,FUN_0005deaf
00069b62,FUN_00069b62,0001071d,FUN_0001071d
00069bc0,FUN_00069bc0,0006d3be,FUN_0006d3be
00069bc0,FUN_00069bc0,0005db0b,FUN_0005db0b
00069bc0,FUN_00069bc0,000683c0,FUN_000683c0
00069bc0,FUN_00069bc0,00062386,FUN_00062386
00069bc0,FUN_00069bc0,00062734,FUN_00062734
00069bc0,FUN_00069bc0,0005d973,FUN_0005d973
00069bc0,FUN_00069bc0,0005daa6,FUN_0005daa6
00069bc0,FUN_00069bc0,0005da87,FUN_0005da87
00069bc0,FUN_00069bc0,0005d9a8,FUN_0005d9a8
00069bc0,FUN_00069bc0,000106e1,FUN_000106e1
00069bc0,FUN_00069bc0,00061423,FUN_00061423
00069bc0,FUN_00069bc0,0001071d,FUN_0001071d
00069bc0,FUN_00069bc0,00061a70,FUN_00061a70
00069bc0,FUN_00069bc0,00069a90,FUN_00069a90
00069bc0,FUN_00069bc0,0005da12,FUN_0005da12
00069bc0,FUN_00069bc0,00068570,FUN_00068570
00069bc0,FUN_00069bc0,0005da3b,FUN_0005da3b
0006a2d0,FUN_0006a2d0,000109f4,FUN_000109f4
0006a2d0,FUN_0006a2d0,0005db34,FUN_0005db34
0006a2d0,FUN_0006a2d0,00069bc0,FUN_00069bc0
0006a2d0,FUN_0006a2d0,00061506,FUN_00061506
0006a2d0,FUN_0006a2d0,00010a68,FUN_00010a68
0006a2d0,FUN_0006a2d0,0005db61,FUN_0005db61
0006a350,FUN_0006a350,0005d9e5,FUN_0005d9e5
0006a350,FUN_0006a350,0005ddf2,FUN_0005ddf2
0006a3a0,FUN_0006a3a0,0005d8bf,FUN_0005d8bf
0006a3a0,FUN_0006a3a0,0005d8ab,FUN_0005d8ab
0006a3a0,FUN_0006a3a0,00069250,FUN_00069250
0006a410,FUN_0006a410,0005d9c3,FUN_0005d9c3
0006a410,FUN_0006a410,000687c0,FUN_000687c0
0006a410,FUN_0006a410,0005d973,FUN_0005d973
0006a410,FUN_0006a410,0006f40e,FUN_0006f40e
0006a410,FUN_0006a410,000653a1,FUN_000653a1
0006a410,FUN_0006a410,00069250,FUN_00069250
0006a410,FUN_0006a410,00065546,FUN_00065546
0006a780,FUN_0006a780,0005de94,FUN_0005de94
0006a780,FUN_0006a780,00069250,FUN_00069250
0006a7c0,FUN_0006a7c0,0005df5e,FUN_0005df5e
0006a7c0,FUN_0006a7c0,00068ed0,FUN_00068ed0
0006a7c0,FUN_0006a7c0,00068570,FUN_00068570
0006a8a0,FUN_0006a8a0,0005de94,FUN_0005de94
0006a8d0,FUN_0006a8d0,00069320,FUN_00069320
0006a9f0,FUN_0006a9f0,00068ab0,FUN_00068ab0
0006a9f0,FUN_0006a9f0,00068570,FUN_00068570
0006ab80,FUN_0006ab80,00069040,FUN_00069040
0006ab80,FUN_0006ab80,00068ab0,FUN_00068ab0
0006ab80,FUN_0006ab80,00068570,FUN_00068570
0006afca,FUN_0006afca,0006af8b,FUN_0006af8b
0006b1ed,FUN_0006b1ed,0006afca,FUN_0006afca
0006b2c0,FUN_0006b2c0,0006b1ed,FUN_0006b1ed
0006b2c0,FUN_0006b2c0,0006b4b3,FUN_0006b4b3
0006b2c0,FUN_0006b2c0,0006b12b,FUN_0006b12b
0006b2c0,FUN_0006b2c0,00061506,FUN_00061506
0006b36f,FUN_0006b36f,0006b2c0,FUN_0006b2c0
0006b36f,FUN_0006b36f,0006f506,FUN_0006f506
0006b36f,FUN_0006b36f,0006b4b3,FUN_0006b4b3
0006b36f,FUN_0006b36f,0006b12b,FUN_0006b12b
0006b36f,FUN_0006b36f,00061506,FUN_00061506
0006b4b3,FUN_0006b4b3,0006b19f,FUN_0006b19f
0006b550,FUN_0006b550,0006f5c8,FUN_0006f5c8
0006b55c,FUN_0006b55c,0006b550,FUN_0006b550
0006b573,FUN_0006b573,0006f5ce,FUN_0006f5ce
0006b592,FUN_0006b592,0006b573,FUN_0006b573
0006b592,FUN_0006b592,0006b550,FUN_0006b550
0006b5f8,FUN_0006b5f8,0006b52d,FUN_0006b52d
0006b662,FUN_0006b662,0006b592,FUN_0006b592
0006b6a3,FUN_0006b6a3,0006b550,FUN_0006b550
0006b6a3,FUN_0006b6a3,0006b64d,FUN_0006b64d
0006b875,FUN_0006b875,0006b92a,FUN_0006b92a
0006b875,FUN_0006b875,0006b8ef,FUN_0006b8ef
0006b875,FUN_0006b875,00072a0c,FUN_00072a0c
0006b8ef,FUN_0006b8ef,0006b92a,FUN_0006b92a
0006b9d0,FUN_0006b9d0,0006ba08,FUN_0006ba08
0006bdbc,FUN_0006bdbc,0006b550,FUN_0006b550
0006bdbc,FUN_0006bdbc,00061423,FUN_00061423
0006bdbc,FUN_0006bdbc,00061a70,FUN_00061a70
0006bebb,FUN_0006bebb,0006b52d,FUN_0006b52d
0006beec,FUN_0006beec,00061423,FUN_00061423
0006beec,FUN_0006beec,0006bebb,FUN_0006bebb
0006bf63,FUN_0006bf63,0006b592,FUN_0006b592
0006bf82,FUN_0006bf82,0006b550,FUN_0006b550
0006bf82,FUN_0006bf82,0006c00b,FUN_0006c00b
0006c00b,FUN_0006c00b,0006c03a,FUN_0006c03a
0006c03a,FUN_0006c03a,0006beec,FUN_0006beec
0006c03a,FUN_0006c03a,00072b9c,FUN_00072b9c
0006c03a,FUN_0006c03a,0006bf63,FUN_0006bf63
0006c03a,FUN_0006c03a,00072b6d,FUN_00072b6d
0006c0eb,FUN_0006c0eb,0006b662,FUN_0006b662
0006c0eb,FUN_0006c0eb,0006b550,FUN_0006b550
0006c0eb,FUN_0006c0eb,00072bb9,FUN_00072bb9
0006c1af,FUN_0006c1af,00072c54,FUN_00072c54
0006c1af,FUN_0006c1af,0006b5f8,FUN_0006b5f8
0006c1af,FUN_0006c1af,0006b550,FUN_0006b550
0006c1af,FUN_0006c1af,0006b592,FUN_0006b592
0006c1af,FUN_0006c1af,00072c97,FUN_00072c97
0006c380,FUN_0006c380,0006beec,FUN_0006beec
0006c380,FUN_0006c380,0006b550,FUN_0006b550
0006c380,FUN_0006c380,0006c0eb,FUN_0006c0eb
0006c424,FUN_0006c424,0006b662,FUN_0006b662
0006c435,FUN_0006c435,00062003,FUN_00062003
0006c435,FUN_0006c435,00072c54,FUN_00072c54
0006c435,FUN_0006c435,00072ca6,FUN_00072ca6
0006c435,FUN_0006c435,0001bec4,FUN_0001bec4
0006c484,FUN_0006c484,0006b6d5,FUN_0006b6d5
0006c4cf,FUN_0006c4cf,00061a47,thunk_FUN_0006b875
0006c6d5,FUN_0006c6d5,0006beec,FUN_0006beec
0006c6d5,FUN_0006c6d5,0006c8eb,FUN_0006c8eb
0006c6d5,FUN_0006c6d5,0006c0eb,FUN_0006c0eb
0006c8eb,FUN_0006c8eb,0006ce84,FUN_0006ce84
0006c8eb,FUN_0006c8eb,0006cb6c,FUN_0006cb6c
0006cb6c,FUN_0006cb6c,0006cc9f,FUN_0006cc9f
0006cd41,FUN_0006cd41,00072d20,FUN_00072d20
0006cda2,FUN_0006cda2,00072d20,FUN_00072d20
0006ce7d,FUN_0006ce7d,0006f707,FUN_0006f707
0006ce84,FUN_0006ce84,0006559b,FUN_0006559b
0006ce84,FUN_0006ce84,0006ccfa,FUN_0006ccfa
0006ce84,FUN_0006ce84,0006cda2,FUN_0006cda2
0006ce84,FUN_0006ce84,000655e4,FUN_000655e4
0006ce84,FUN_0006ce84,00072d20,FUN_00072d20
0006ce84,FUN_0006ce84,0006d2cd,FUN_0006d2cd
0006ce84,FUN_0006ce84,0006cd41,FUN_0006cd41
0006ce84,FUN_0006ce84,0006cd1e,FUN_0006cd1e
0006ce84,FUN_0006ce84,0006ce7d,FUN_0006ce7d
0006d2cd,FUN_0006d2cd,000653ed,FUN_000653ed
0006d2e5,FUN_0006d2e5,0006bf82,FUN_0006bf82
0006d3be,FUN_0006d3be,0006d348,FUN_0006d348
0006f120,FUN_0006f120,0006f0e6,FUN_0006f0e6
0006f3df,FUN_0006f3df,00010830,FUN_00010830
0006f506,FUN_0006f506,0006f5c8,FUN_0006f5c8
0006f5d4,FUN_0006f5d4,0006f6b1,FUN_0006f6b1
0006f5d4,FUN_0006f5d4,00072eb7,FUN_00072eb7
0006f707,FUN_0006f707,00073289,FUN_00073289
0006fb28,FUN_0006fb28,000718b0,FUN_000718b0
0006fb28,FUN_0006fb28,00070d1b,caseD_3
0006fb28,FUN_0006fb28,000719af,FUN_000719af
0006fb28,FUN_0006fb28,000725a5,FUN_000725a5
0006fb28,FUN_0006fb28,000727bc,FUN_000727bc
0006fb28,FUN_0006fb28,000720c9,FUN_000720c9
0006fb28,FUN_0006fb28,00071680,FUN_00071680
0006fb28,FUN_0006fb28,0006fcca,FUN_0006fcca
0006fb28,FUN_0006fb28,000725e8,FUN_000725e8
0006fb28,FUN_0006fb28,00062728,FUN_00062728
0006fb28,FUN_0006fb28,00071800,FUN_00071800
0006fb28,FUN_0006fb28,000720b0,FUN_000720b0
0006fb28,FUN_0006fb28,00071930,FUN_00071930
0006fb28,FUN_0006fb28,000725b2,FUN_000725b2
0006fb28,FUN_0006fb28,00071fc2,FUN_00071fc2
0006fb28,FUN_0006fb28,0007124c,FUN_0007124c
0006fb28,FUN_0006fb28,0006fb28,FUN_0006fb28
0006fb28,FUN_0006fb28,0007186a,FUN_0007186a
0006fb28,FUN_0006fb28,0006fd1c,FUN_0006fd1c
0006fb28,FUN_0006fb28,0007187b,FUN_0007187b
0006fb28,FUN_0006fb28,00071ee1,FUN_00071ee1
0006fb28,FUN_0006fb28,0007123e,FUN_0007123e
0006fb28,FUN_0006fb28,000714ab,FUN_000714ab
0006fb28,FUN_0006fb28,00071b3b,FUN_00071b3b
0006fb28,FUN_0006fb28,00071a76,FUN_00071a76
0006fb28,FUN_0006fb28,0007259b,FUN_0007259b
0006fb28,FUN_0006fb28,00071cc8,FUN_00071cc8
0006fb28,FUN_0006fb28,000717fb,FUN_000717fb
0006fb28,FUN_0006fb28,00071412,FUN_00071412
0006fcca,FUN_0006fcca,0006fb28,FUN_0006fb28
0006fd1c,FUN_0006fd1c,0006fb28,FUN_0006fb28
0006fd38,FUN_0006fd38,00061922,FUN_00061922
0006fe85,caseD_0,00071a76,FUN_00071a76
0006fe85,caseD_0,0007124c,FUN_0007124c
0007068e,caseD_40,0007124c,FUN_0007124c
00070d1b,caseD_3,0006fb28,FUN_0006fb28
0007124c,FUN_0007124c,000712a6,FUN_000712a6
00071276,FUN_00071276,000712a6,FUN_000712a6
000714ab,FUN_000714ab,000714d5,FUN_000714d5
000714d5,FUN_000714d5,0006fd38,FUN_0006fd38
00071680,FUN_00071680,000716aa,FUN_000716aa
000718b0,FUN_000718b0,0006fd38,FUN_0006fd38
000719af,FUN_000719af,0006fd38,FUN_0006fd38
00071cc8,FUN_00071cc8,00071276,FUN_00071276
00071cc8,FUN_00071cc8,000714ab,FUN_000714ab
00071cc8,FUN_00071cc8,00071d7e,FUN_00071d7e
00071d7e,FUN_00071d7e,00071276,FUN_00071276
00071d7e,FUN_00071d7e,000728fa,FUN_000728fa
00071d7e,FUN_00071d7e,000712a6,FUN_000712a6
00071d7e,FUN_00071d7e,000714d5,FUN_000714d5
00071d7e,FUN_00071d7e,000716aa,FUN_000716aa
00071ee1,FUN_00071ee1,00071f47,FUN_00071f47
000720b0,FUN_000720b0,00071276,FUN_00071276
000720c9,FUN_000720c9,0007210c,FUN_0007210c
000720c9,FUN_000720c9,00071680,FUN_00071680
000720c9,FUN_000720c9,000716aa,FUN_000716aa
0007210c,FUN_0007210c,000728a8,FUN_000728a8
0007210c,FUN_0007210c,000712a6,FUN_000712a6
0007210c,FUN_0007210c,000714d5,FUN_000714d5
0007210c,FUN_0007210c,0007186a,FUN_0007186a
0007210c,FUN_0007210c,000716aa,FUN_000716aa
000723a4,FUN_000723a4,00071f47,FUN_00071f47
000723a4,FUN_000723a4,00071276,FUN_00071276
000723a4,FUN_000723a4,000728fa,FUN_000728fa
000723a4,FUN_000723a4,000728a8,FUN_000728a8
000723a4,FUN_000723a4,000714d5,FUN_000714d5
000723a4,FUN_000723a4,000716aa,FUN_000716aa
0007259b,FUN_0007259b,000723a4,FUN_000723a4
000725a5,FUN_000725a5,000723a4,FUN_000723a4
000725b2,FUN_000725b2,000723a4,FUN_000723a4
000725e8,FUN_000725e8,00071276,FUN_00071276
000725e8,FUN_000725e8,000712a6,FUN_000712a6
000725e8,FUN_000725e8,000714d5,FUN_000714d5
000725e8,FUN_000725e8,000716aa,FUN_000716aa
000728a8,FUN_000728a8,000712a6,FUN_000712a6
000728a8,FUN_000728a8,000716aa,FUN_000716aa
000728fa,FUN_000728fa,000728a8,FUN_000728a8
000728fa,FUN_000728fa,000716aa,FUN_000716aa
00072b6d,FUN_00072b6d,0006c0eb,FUN_0006c0eb
00072bb9,FUN_00072bb9,0006b5f8,FUN_0006b5f8
00072bb9,FUN_00072bb9,0006b592,FUN_0006b592
00072bb9,FUN_00072bb9,0006b550,FUN_0006b550
00072c35,FUN_00072c35,0006b592,FUN_0006b592
00072c97,FUN_00072c97,00073289,FUN_00073289
00072d20,FUN_00072d20,00072cd6,FUN_00072cd6
00072e4c,FUN_00072e4c,00061a70,FUN_00061a70
00072eb7,FUN_00072eb7,000733a5,FUN_000733a5
00072eb7,FUN_00072eb7,000734a6,FUN_000734a6
00072eb7,FUN_00072eb7,00061a4c,FUN_00061a4c
00072eb7,FUN_00072eb7,0007358d,FUN_0007358d
00072eb7,FUN_00072eb7,00073429,FUN_00073429
00072eb7,FUN_00072eb7,00072d42,FUN_00072d42
00072eb7,FUN_00072eb7,00061a70,FUN_00061a70
00072eb7,FUN_00072eb7,00072e4c,FUN_00072e4c
00072eb7,FUN_00072eb7,00072de9,FUN_00072de9
000730db,FUN_000730db,0006b55c,FUN_0006b55c
000730db,FUN_000730db,000734a6,FUN_000734a6
000730db,FUN_000730db,00073804,FUN_00073804
00073289,FUN_00073289,000738a0,FUN_000738a0
00073289,FUN_00073289,000626ed,FUN_000626ed
00073429,FUN_00073429,000738c6,FUN_000738c6
00073465,FUN_00073465,000734a6,FUN_000734a6
00073465,FUN_00073465,0007391a,FUN_0007391a
00073465,FUN_00073465,000738e0,FUN_000738e0
0007358d,FUN_0007358d,000733a5,FUN_000733a5
0007358d,FUN_0007358d,000738c6,FUN_000738c6
0007358d,FUN_0007358d,00073465,FUN_00073465
0007358d,FUN_0007358d,00073aa6,FUN_00073aa6
0007358d,FUN_0007358d,00073985,FUN_00073985
00073804,FUN_00073804,0007384f,FUN_0007384f
000738c6,FUN_000738c6,00061a4c,FUN_00061a4c
000738e0,FUN_000738e0,000739ef,FUN_000739ef
000739ef,FUN_000739ef,00073aa4,FUN_00073aa4
